0010001100011111001101000001110110110011111010101000111110011011111100001101100110111101100010001010111100111010110000000101011011100111001000000000010100100001000000001001000010010001001010010100000000001000110011101101110010000110000111010010111100100011010011110001011000001111101100101110101010101111000110111111000001011001111101011000100
0001000110101111100110100000111111011000111101010101011110001101111110000110110011111010110001000100011010111100011000000010100101100011000100000000001000010000100000000000100000000000100001000010000000000100011000110110101000000011100111101011000100010001101011111001101000001111110110011111010101010111100011011111100000101100111110101100010
1000100011010111110011010000011111101100011110101010101111100110111111000001011001111101011000100010001101011110001100000001010110110001100010000000000100001000010000000000000000000000010000100001000000000010001100011011010100000001100011110101100010001000110101111100110100000111111011000111101010101011110001101011110000010110011111010110001
0100010001101011111001101000001111110110001111010101010111100011011111100000101100111110101100010001000110101111000110000000101011011000110001000000000010000100001000000000001000000000001000010000100000000001000110001101101010000000110001111010110001000100011010111110011011000011111101100111110101010101111000110111111000001011001111101011000
0010001000110101111100110100000111111011000111101010101011111001101111110000010110011111010110001000100011010111101011000010010101101100011000100000000001000010000100000000000100000000000100001000010000000000100011000110100101000000011000111101011000100010001101011111001101000001111110110011111010101010111100011010111100000101100111110101100
0001000100011010111110011010000011111101100011110101010101111100110111111000001011001111111011000100010001101011110001100000001010110110001100010000000000100001000010000000000010010000000010000100001000000000010001100011011010100000001110011110101100010001000110101111100110100000111111011001111101010101011110001101111110000010110011111010110
1000100010001101011111001101000001111110110001111010101010111110011011111100000101100111110101100010001000110101111000110000000101011011000110001000000000010000100001000000000001000000000001000010000100000000001000110001101101010000000110001111010110001000100011010111110011010000011111101100111110101010101111000110111111000001011001111101011
1100010001000110101111100110100000111101011000111101010101011111001101111110000010110011111010110001000100011010111100011000000010100101100011000100000000001000010000100000000000100000000000100001000010000000000100011000110100101000000011000111101011000100010001101011111001101000001111110110011111010101010111100011011111100000101100111110101
0110001000100011010111110011010000011111101100011110101010101111000110111111000001011001111101011000100010001101011110001100000001011010110001100010000000000100001000010000000000010000000000010000100001000000000010001100011010000100000001100011110101100010001000110101111101110100000111111011001111101010101011110001101111110000010110011111010
0011000100010001101011111001101000001111010110001111010101010111110011011111100000101100111110101100010001000110101111000110000000101001011000110001000000000010000100001000000000001000000000001000010000100000000001000110001101101010000000110001111010110001000100011010111110011010000011110101100111110101010101111000110111111000001011001111101
0101100010001000110101111100110100000111111011000111101010101011110001101111110000010110011111110110001000100011010111100011000000010101101100011000100000000001000010000100000000000100000000000100001000010000000000000011000110110001000000011000111101011000100010001101011111101101000001111110110011111010101010111100011011111100000101100111110
1010110001000100011010111110011010000011111101100011110101010101111100110111111000001011001111101011000100010001101011110001100000001010010110001100010000000000100001000010000000000010000000000010000100001000000000010001100011011010100000001100011110101100010001000110101111100110100000111111011001111101010101011110001101111110000010110011111
1101011000100010001101011111001101000001111110110001111010101010111110011011111100000101100111110101100010001000110101111000110000000101011011000110001000000000010000100001000000000001000000000001000010000100000000001000110001101010010000000110001111010110001000100011010111110011010000011111101100111110101010101111000110111111000001011001111
1110101100010001000110101111100110100000111111011000111101010101011111001101111110000010110011111010110001000100011010111100011000000010100101100011000100000000001000010000100000000000100000000000100001000010000000000100001000110100101000000011000111101011000100010001101011111001101000001111110110011111010101010111100011011111100000101100111
1111010110001000100011010111110011010000011111101100011110101010101111100110111111000001011001111101011000100010001101011110001100000001000010110001100010000000000100001000010000000000010000000000010000100001000000000010001100111011010100000001100011110101100010001000110100111100110100000111111011000111101010101011110000101011110000010110011
1111101011000100010001101011111001101000001111110110001111010101010111110011010111100000101100111110101100010001000110101111000110000000100011011000110001000000000010000100001000000000001000000000001000010000100000000001000110001101101010000000110001111010110001000100011010111110011010000011111101100111110101010101111000110111111000001011000
0111110101100010001000110101111100110100000111111011000111101010101011111001101111110000010110011111010110001000100011010111100011000000010100101100011000100000000001000010000000000000000100000000000100001000010000000000100011000110111101000000011000111101011000100010001101011111001101000001111110110011111010101010111100011011111100000101100
0011111010110001000100011010111110011010000011111101100011110101010101111100110111111000001011001111101011000100010001101011110001100000001010110111001100010000000000100001000010000000000010000000000010000100001000000000010001100011011010100000001100011110101100010001000110101111100110100000111101011001111101010101011110001101011110000010110
1001111101011000100010001101011111001101000001111110110001111010101010111110011011111100000101100111110101100010001000110101111000110000000101011011000110001000000000010000100001000000000001000000000001000010000100000000001000110001101101010000000110001111010110001000100011010111110011010000011111101100111110101010101111000110101111000001011
1100111110101100010001000110101111100110100000111111011000111101010101011110001101111110000010110011111010110001000100011010111100011000000010100101100011000100000000001000010000100000000000100000000000100001000010000000000100011000110101101000000011000111101011000100010001101011111001101000001111010110001111010101010111100011011111100000101
0110011111010110001000100011010111110011010000011111101100011110101010101111100110101111000001011011111111011000100010001101011110001100000001010110110001100010000000000100001000010000000000010000000000010000100001000000000010001100011011000100000001100011110101100010001000110101111110110100000111111011001111101010101011110001101011110000010
1011001111101011000100010001101011111001101000001111110110001111010101010111110011011111100000101100111110101100010001000110101111000110000000101001011000110001000000000010000100001000000000001000000000001000010000100000000001000110001101101010000000110001111010110001000100011010111111011010000011111101100111110101010101111000110111111000001
0101100111110101100010001000110101111100110100000111111011000111101010101011111001101111110000110110011111010110001000100011010111100011000000010100101100011000100000000001000010000100000000000100000000000100001000010000000000100011000110110101000000011000111101011000100010001101011111001101000001111110110011111010101010111100011010111100000
0010110011111010110001000100011010111110011010000011111101100011110101010101111100110111111000011011001111101011000100010001101011110001100000001011010110001100010000000000100001000010000000000010000000000010000100001000000000010001100011011010100000001100011110101100010001000110101111100110100000111111011001111101010101011110001101111110000
0001011001111101011000100010001101011111001101000001111110110001111010101010111100011011111100000101100111110101100010001000110101111000110000000101011011000110001000000000010000100001000000000001000000000001000010000100000000001000110001101101010000000110001111010110001000100011010111110011010000011111101100011110101010101111000110111111000
0000101100111110101100010001000110101111100110100000111111011000111101010101011111001101111110000010110011111110110001000100011010111100011000000010001101100011100100000000001000010000100000000000100100000000100001000010000000000100001001110100101000000011100111100011000100010000101011111001101000001111110110011111010101010111100011011111100
0000010110011111010110001000100011010111110011010000011111101100011110101010101111000110111111000001011001111101011000100010001101011110011100000001010110110001100010000000000100001000010000000000010000000000010000100001000000000010001100011011010100000001100011110101100010001000110101111100110100000111111011001111101010101011110000101111110
1000001011001111101011000100010001101011111001101000001111110110001111010101010111110011011111100000101100111110101100010001000110101111000110000000101011011000110001000000000010000100001000000000001000000000001000010000100000000001000110001101100010000000110001111010110001000100011010111110011010000011111101100111110101010101111000110111111
1100000101100111110101100010001000110101111100110100000111111011000111101010101011111001101011110000010110011111010110001000100011010111100011000000010001101100011000100000000001000010000100000000000100000000000100001000010000000000100011000110110101000000011000111101011000100010001101011111001101000001111110110011111010101010111100011011111
1110000010110011111010110001000100011010111110011010000011111101100011110101010101111000110101111000001011001111101011000100010001101011110001100000001010010110001100010000000000100001000010000000000010000000000010000100001000000000010001100111011010100000001100011110101100010001000110111111100110100000111101011001111101010101011110001101111
0111000001011001111101011000100010001101011111001101000001111110110001111010101010111100011011111100000101100111110101100010001000110101111000110000000101001011000110001000000000010000100001000000000001000000000001000010000100000000001000110001101001010000000110001111010110001000100011010111110011010000011111101100111110101010101111000110111
1111100000101100111110101100010001000110101111100110100000111111011000111101010101011110001101111110000010110011111010110001000100011010111100011000000010101101100011000100000000001000010000100000000000100000000000000001000010000000000100011000110110101000000011000111101011000100010001101011111001101000001111110110011111010101010111100011010
1111110000010110011111010110001000100011010111110011010000011111101100011110101010101111100110111111000001011001111101011000100010001101011110001100000001010110110001100010000000000100001000010000000000010000000000010000100001000000000010001100011010010100000001100011110101100010001000110101111100110100000111101011000111101010101011110001101
0111111000001011001111101011000100010001101011111001101000001111110110001111010101010111100011011111100000101100111110101100010001000110101111000110000000101111011000110001000000000010000100001000000000001000000000001000010000100000000001000110001101101010000000110001111010110001000100011010111110011010000011111101100111110101010101111000110
1011111100000101100111110101100010001000110101111100110100000111111011000111101010101011110001101111110000010110011111010110001000100011010111100011000000010100101100011000100000000001000010000000000000000000000000000100001000010000000000100011000110110101000000011000111101011000100010001101111111001101000001111010110011111010101010111100011
1101111110000010110011111010110001000100011010111110011010000011111101100011110101010101111100110111111000001011001111101011000100010001101011110001100000001010010110001100010000000000100001000010000000000010000000000010000100001000000000010001100011011000100000001100011110101100010001000110101111100110100000111111011001111101010101011110001
0110111111000001011001111101011000100010001101011111001101000001111110110001111010101010111110011011111100000101101111110101100010001000110101111000110000000101011011000110001000000000010000100001000000000001000000000001000010000100001000001000110011101101010000000110001111010110001000100011010111110011010000011111101100111110101010101111000
0011011111100000101100111110101100010001000110101111100110100000111111011000111101010101011110001101111110000010110011111010110001000100011010111100011000000010001101100011000100000000001000010000100000000000100100000000100001000010000000000100011000110110101000000011100111101011000100010001101011111001101000001111010110011111010101010111100
1001101011110000010110011111010110001000100011010111100011010000011111101100011110101010101111100110111111000001011001111101011000100010001101011110001100000001000110110001100010000000000100001000010000000000010000000000010000100001000000000010001100011011010100000001100011110101100010001000110101111100110100000111111011000111101010101011110
1000110111111000001011001111101011000100010001101011111001101000001111110110001111010101010111110011011111100000101100111110101100010001000110101111000110000000101001011000110001000000000010000100001000000000001000000000001000010000100000000001000110001101101010000000110001111010110001000100011010111110011010000011111101100111110101010101111
1100011010111100000101100111110101100010001000110101111100110100000111111011000111101010101011111001101111110000010110011111010110001000100011010111100011000000010101101100011000100000000001000010000100000000000100000000000100001000010000000000100011000110101101000000011000111101011000100010001101011111001101000001111110110011111010101010111
1110001101111110000010110011111010110001000100011010111110011010000011110101100011110101010101111000110111111000001011001111101011000100010001101011110101100000001010010110001100010000000000100001000010000000010010000000000010000100001000000000010001100011011010100000001100011110101100010001000110101111100110100000111111011001111101010101011
1111000110111111000001011001111101011000100010001101011111001101000001111110110001111010101010111110011011111100000101100111110101100010001000110101111000110000000101011011000110001000000000010000100001000000000001000000000001000010000100000000000000110001101101010000000110001111010110001000100011010111110011010000011111101100111110101010101
0111100011011111100000101100111110101100010001000110101111100110100000111111011000111101010101011110001101111110000010110011111010110001000100011010111100011000000010101101100011000100000000001000010000100000000000100000000000100001000010000000000100011000110110101000000011100111101011000100010001101011111001101000001111110110011111010101010
1011110001101111110000010110011111010110001000100011010111110011010000011111101100011110101010101111100110111111000001011001111101011000100010001101011110001100000001010010110001100010000000000100001000010000000000010000000000010000100001000000000010001100011011010100000001100011110101100010001000110101111100110100000111111011001111101010101
0101111000110111111000001011001111101011000100010001101011111001101000001111110110001111010101010111110011011111100000101100111110101100010001000110101111000110000000100011011000110001000000000010000100001000000000001000000000001000010000100000000001000110001101101010000000110001111010110001000100011010111110011010000011111101100111110101010
1010111100011011111100000101100111110101100010001000110101111100110100000111111011000111101010101011111001101111110000010110011111010110001000100011010111100011000000010100101100011000100000000001000010000100000000000100000000000100001000010000000000100011000110110101000000011000111101011000100010001101011111001101000001111110110011111010101
0101011110001101111110000010110011111010110001000100011010111110011010000011111101100011110101010101111100110111111000001011001111101011000100010001101011110001100000001001110110001100010000000000100001000010000000000010000000000010000100001000000000010001100011011010100000001100011110101100010001000110101111100110110000111111011001111101010
1010101111000110111111000001011001111101011000100010001101011111001101000001111110110001111010101010111110011011111100000101100111110101100010001000110101111000110000000101011011000110001000000000010000100001000000000001000000000001000010000100000000001000110001101000010000000110001111010110001000100011010111110011010000011111101100111110101
0101010111100011011111100000101100111110101100010001000110101111100110100000111111011000111101010101011111001101111110000010110011111010110001000100011010111100011000000010100101100011000100000000001000010000100000000000100000000000100001000010000000000100011000110110101000000011000111101011000100010001101011111001101000001111110110011111010
0010101011110001101111110000010110011111010110001000100011010111110011010000011111101100011110101010101111100110111111000001011001111101011000100010001101011110101100000001000110110001100010000000000100001000010000000000010000000000010000100001000000000010001100011011010100000001100011110101100010001000110101111100110100000111111011001111101
0101010101111000110111111000001011001111101011000100010001101011111001101000001111110110001111010101010111110011011111100000101100111111101100010001000110101111000110000000101011011000110001000000000010000100001000000000001000000000001000010000100000000001000110001101101010000000110001111010110001000100011010111110011010000011111101100111110
1010101010111100011011111100000101100111110101100010001000110101111100110100000111111011000111101010101011111001101111110000010110011111010110001000100011010111100011000000010001101100011000100000000001000010000100000000000100000000000100001000010000000000100011000110110101000000011000111101011000100010001101011111001101000001111110110001111
1101010101011110001101111110000010110001111010110001000100011010111110011010000011111101100011110101010101111100110111111000001011001111101011000100010001101011110001100000001010110110001100010000000000100001000010000000000010000000000010000100001000000000010000100010011010100000001100011110101100010001000110111111100110100000111111011001111
1110101010101111000110111111000001011001111101011000100010001101011111001101000001111110110001111010101010111110011011111100000101100111110101100010001000110101111000110000000101001011000110001000000000010000100001000000000001000000000001000010000100000000001000010001101101010000000110001011010110001000100011010111110011010000011110101100011
1111010101010111100011011111100000101100111110101100010001000110101111100110100000111111011000111101010101011111001101111110000010110011111010110001000100011010111100011000000010101101100011000100000000001000010000100000000000100000000000100001000010000000000100011000100100101000000011000111101011000100010001101011111001101000001111110110011
1111101010101011110001101111110000010110011111010110001000100011010111110011010000011111101100011110101010101111100110111111000001011001111101011000100010001101011110001100000001010110110001100010000000000100001000010000000000000000000000010000100001000000000010001100011011010100000001100011110101100010001000110101111100110100000111111011000
0011110101010101111000110111111000001011001111101011000100010001101011111001101000001111110110001111010101010111110011011111100000101100111110101100010001000110101111000110000000101001011000110001000000000010000100001000000000001000000000001000010000100000000001000110001101001010000000110001111010110001000100011010111110011010000011111101100
0011111010101010111100011011111100000101100111110101100010001000110101111100110100000111111011000111101010101011111001101111110000010110011111110110001000100011010111100011000000010101101100010000100000000001000010000100000000000100000000000100001000010000000000100011000110110101000000011100111101011000100010001101011111001101000001111110110
1000111101010101011110001101111110000010110011111010110001000100011010111110011010000011111101100011110101010101111100110111111000001011001111101011000100010001101011110001100000001010010110001100010000000000100001000010000000000010000000000010000100001000000000010001100011011010100000001100011110101100010001000110101111100110100000111111011
1100111110101010101111000110111111000001011001111101011000100010001101011111001101000001111110110001111010101010111110011011111100000101100111110101100010001000110101111000110000000101001011000110001000000000010000100001000000000001000000000001000010000100000000001000110001101001010000000110001111010110001000100011010111110011010000011111101
0110011111010101010111100011011111100000101100111110101100010001000110101111100110100000111111011000111101010101011111001101111110000010110011111010110001000100011010111100011000000010111101100011000100000000001000010000100000000000100000000000100001000010000000000100001001110100101000000011000111101011000100010001101111111001101000001111110
1011001111101010101011110001101111110000010110011111010110001000100011010111110011010000011111101100011110101010101111100110111111000001011001111101011000100010001101011110001100000001010110110001100010000000000100001000010000000000010000000000010000100001000000000010001100011011110100000001100011110101100010001000110101111100110100000111111
1101100111110101010101111000110111111000001011001111101011000100010001101011111001101000001111110110001111010101010111110011011111100000101100111110101100010001000110101111000110000000100111011000110001000000000010000100001000000000001000000000001000010000100000000001000110001101100010000000110001111010110001000100011010111110011010000011111
1110110001111010101010111100011011111100000101100111110101100010001000110101111100110100000111101011000111101010101011111001101111110000010110011111010110001000100011010111100011000000010101101100010000100000000001000010000100000000000100000000000100001000010000000000100011000110100101000000011000111101011000100010001101011111001101000001111
1111011001111101010101011110001101111110000010110011111010110001000100011010111110011010000011111101100011110101010101111100110111111000001011001111101011000100010001101011110001100000001010010110001100010000000000100001000010000000000010000000000010000100001000000000010001100011010010100000001100011110101100010001000110101111100110100000111
1111101100011110101010101111000110111111000001011001111101011000100010001101011111001101000001111110110001111010101010111110011011111100000101100111110101100010001000110101111000110000000101011011000110001000000000010000100001000000000001000000000001000010000100000000001000110001101101010000000110001111010110001000100011011111110011010000011
1111110110011111010101010111100011011111100000101100111110101100010001000110101111100110100000111111011000111101010101011111001101111110000010110011111010110001000100011010111100011000000010100101100011000100000000001000010000100000000000100000000000100001000010000000000100011000110110101000000011000111101011000100010001101011111001101000001
0111111011001111101010101011110001101111110000010110011111010110001000100011010111110011010000011111101100011110101010101111100110111111000001011001111101011000100010001101011110001100000001001110110001100010000000000100001000010000000000010000000000010000100001000000000010001100011011010100000001110011110101100010001000110101111100110100000
0011111101100111110101010101111000110111111000001011001111101011000100010001101011111001101000001111110110001111010101010111100011011111100000101101111110101100010001000110101111000110000000101011011100100000000000000010000100001000000000001000000000001000010000100000000001000110001101101010000000110001111010110001000100011010111110011010000
0001111110110011111010101010111100011011111100000101100111110101100010001000110101111100110100000111111011000111101010101011111001101111110000010110011111010110001000100011010111100011000000010111101100011000100000000001000010000100000000000100000000000100001000010000000000100011000110100101000000011000111101011000100010001101011111001101000
0000111111011001111101010101011110001101111110000010110011111010110001000100011010111110011010000011111101100011110101010101111100110111111000001011001111111011000100010001101011110001100000001010110110001100010000000000100001000010000000000010000000000010000100001000000000010001100011011110100000001100011110101100010001000110101111100110100
1000011111101100111110101010101111000110101111000001011001111101011000100010001101011111001101000001111110110001111010101010111100011011111100000101100111110101100010001000110101111000110000000101001011000110001000000000010000100001000000000001000000000001000010000100000000001000010001101101010000000110001111010110001000100011010111110011010
1100001111110110011111010101010111100011011111100000101100111110101100010001000110101111100110100000111111011000111101010101011111001101111110000010110011111010110001000100011010111100011000000010101101100011000100000000001000010000100000000000100000000000000001000010000000000100011000110100101000000011000111101011000100010001101011111001101
0100000111111011001111101010101011110001101111110000010110011111010110001000100011010111110011010000011111101100011110101010101111000110111111000001011001111101011000100010001101011110001100000001010110110001100010000000000100001000010000000010010000000000010000100001000000000010001100011011010100000001100011110101100010001000110101111110110
1010000011111101100011110101010101111000110111111000001011001111101011000100010001101011111001101000001111110110001111010101010111100011011111100000101100111110101100010001000110101111000110000000101011011000110001000000000010000100001000000000001000000000001000010000100000000001000110011101001010000000110001111010110001000100011010111110011
1101000001111110110011111010101010111100011011111100000101100111110101100010001000110101111100110100000111111011000111101010101011110001101111110000010110011111010110001000100011010111100011000000010111101100011000100000000001000010000100000000000100000000000100001000010000000000100011000110110101000000011000111101011000100010001101011111001
0110100000111111011001111101010101011110001101111110000010110011111010110001000100011010111110011010000011111101100011110101010101111100110111111000001011001111101011000100010001101011110001100000001010010110001100010000000000100001000010000000000010000000000010000100001000000000010001100011011010100000001100011110101100010001000110101111100
0011010000011110101100111110101010101111000110111111000001011001111101011000100010001101011111001101000001111110110001111010101010111110011011111100001101100111110101100010001000110101111000110000000100011011000110001000000000010000100001000000000001000000000001000010000100001000001000110001101001010000000110001111010110001000100011010111110
1001101000001111110110011111010101010111100011011111100000101100111110101100010001000110101111100110100000111111011000111101010101011111001101111110000010110011111010110001000100011010111100011000000010101101100011000100000000001000010000100000000000100000000000100001000010000000000100011000110100101000000011000111101011000100010001101011111
1100110100000111111011000111101010101011110001101111110000010110011111010110001000100011010111110011010000011111101100011110101010101111100110111111000001011001111101011000100010001101011110001100000001010010110001100010000000000100001000010000000000010000000000010000100001000000000010000100011010010100000001100011110101100010001000110101111
0110011010000011111101100111110101010101111000110111111000001011001111101011000100010001101011111001101000001111110110001111010101010111110011011111100000101100111110101100010001000110101111000110000000100011011000110001000000000010000100001000000000001000000000001000010000100000000001000110001101101000000000110001111010110001000100011010111
1111001101000001111110110001111010101010111100011011111100000101100111110101100010001000110101111100110100000111111011000111101010101011111001101111110000010110011111010110001000100011010111100011000000010100101100110000100000000001000010000100000000000100000000000100001000010000000000100011000110110101000000011000111101011000100010001101011
1111100110100000111101011001111101010101011110001101111110000010110011111010110001000100011010111110011010000011111101100011110101010101111100110111111000001011001111101011000100010001101011110001100000001010010110001100010000000000100001000010000000000010000000000010000100001000000000010001100011011010100000001100011110101100010001000110101
1111110011010000011111101100111110101010101111000110111111000001011001111101011000100010001101011111001101000001111110110001111010101010111110011011111100000101100111110101100010001000110101111000110000000101001011000110001000000000010000100001000000000001000000000001000010000100000000001000110001101001010000000110001111010110001000100011010
1011111001101000001111110110001111010101010111100011011111100000101100111110101100010001000110101111100110100000111111011000111101010101011110001101111110000010110111111010110001000100011010111100011000000010100101100010000100000000001000010000100000000000100000000000100001000010000000000100011000110100101000000011000111101011000100010001101
0101111100110100000111111011000111101010101011110001101111110000010110011111010110001000100011010111110011010000011111101100011110101010101111100110111111000011011001111101011000100010001101011110001100000001011110110001100010000000000100001000010000000000010000000000010000100001000000000010001100011011010100000001100011110101100010001000110
1010111110011010000011111101100011110101010101111000110111111000001011001111101011000100010001101011111001101000001111110110001111010101010111110011010111100000101100111110101100010001000110101111000110000000101011011000110001000000000010000100001000000000001000000000001000010000100000000001000110001101101010000000110001111010110001000100011
1101011111001101000001111110110011111010101010111100011011111100000101100111110101100010001000110101111100110100000111111011000111101010101011111001101111110000010110011111010110001000100011010111100011000000010101101100011000100000000001000010000100000000000100000000000100001000010000000000100011000110110001000000011000111101011000100010001
0110111111100110100000111111011000111101010101011110001101111110000010110011111010110001000100011010111110011010000011111101100011110101010101111100110111111000001011001111111011000100010001101011110001100000001010110110001100010000000000100001000010000000000010010000000010000100001000000000010001100011011010100000001100011110101100010001000
0011010111110011010000011111101100011110101010101111000110111111000001011001111101011000100010001101011111001101000001111110110001111010101010111110011011111100001101100111110101100010001000110101111000110000000101001011000110001000000000010000100001000000000001000000000001000010000100000000001000110001101001010010000110001111010110001000100
0001101011111001101000001111010110011111010101010111100011011111100000101100111110101100010001000110101111100110100000111111011000111101010101011111001101111110000010110011111110110001000100011010111100011000000010011101100011000100000000001000010000100000000000100000000000100001000010000000000100011000110110101000000011000111101011000100010
1000110101111100110100000111101011001111101010101011110001101111110000010110011111010110001000100011010111100011010000011111101100011110101010101111100110101111000001011001111101011000100010001101011110001100000001010110010001100010000000000100001000010000000000000000000000010000100001000000000010001100011011010100000001100011110101100010001
0100011010111110011010000011111101100011110101010101111000110111111000001011001111101011000100010001101011111001101000001111110110001111010101010111100011011111100000101100111110101100010001000110101111000110000000101011011000110001000000000010000100001000000000001000000000001000010000100000000001000110001101100010000000110101111010110001000
0010001101111111001101100001111110110011111010101010111100011011111100000101100111110101100010001000110101111100110100000111111011000111101010101011111001101111110000010110011111110110001000100011010111100011000000010100101100011000100000000001000010000100000000000100100000000100001000010000000000100011000110110101000000011000111101011000100
0001000110101111100110110000111111011001111101010101011110001101011110000010110011111010110001000100011010111110011010000011111101100011110101010101111000110111111000001011001111101011000100010001101011110001100000001010010110001100010000000000100001000010000000000000000000000010000100001000000000010000100011010010100000001100011110101100011
1000100011010111110011010000011111101100111110101010101111000110111111000001011001111101011000100010001101011111001101000001111110110001111010101010111110011011111100000101100111111101100010001000110101111010110000000101001011000110001000000000010000100001000000000001000000000001000010000100000000000000110001101001010010000110001111010110000
0100010001101011111001101000001111110110001111010101010111100011011111100000101100111110101100010001000110101111100110100000111111011000111101010101011111001101111110000010110011111010110001000100011010111100011000000010101101100010000100000000001000010000100000000000100101000000100001000010000000000100011000110110101000000011000111101011000
1010001000110101111110110100000111111011001111101010101011110001101111110000010110011111010110001000100011010111110011010000011111101100011110101010101111100110111111000001011001111101011000100010001101011110001100000001010010110001100010000000000100001000010000000000010000000000010000100001000000000010001100111011010100000001100011100101100
0001000100011010111110011010000011111101100011110101010101111000110111111000001011001111101011000100010001101011111001101000001111110110001111010101010111110011011111100000101100111110101100010001000110101111000110000000101011011000110001000000000010000100001000000000001001000000001000010000100000000001000110001101101010000000110001111010110
1000100010001101011111001101000001111110110011111010101010111100011011111100000101100111110101100010001000110101111100110100000111111011000111101010101011111001101111110000010110011111010110001000100011010111100011000000010110101100011000000000000001000010000100000000000100000000000100001000010000000000100011000110110101000000011000111101010
1100010001000110101111100110100000111111011001111101010101011110001101111110000010110011111010110001000100011010111110011010000011111101100011110101010101111100110111111000001011001111101011000100010001101011110001100000001010110110001100010000000000100001000010000000000000000000000010000100001000000000010001100011010010100000001100011110101
1110001000100011010111110011010000011111101100111110101010101111000110111111000001011001111101011000100010001101011111001101000001111110110001111010101010111110011011111100000101100111110101100010001000110101111000110000000101001011000110001000000000010000100001000000000001000000000001000010000100000000001000110001101100010000000110001111010
1011000100010001101011111001101000001111110110011111010101010111100011011111100000101100111110101100010001000110101111100110100000111111011000111101010101011111001101111110000010110011111010110001000100011010111100011000000010100101100011000100000000001000010000100000000000100000000000100001000010000000000100011000110100101000000011000111101
0101100010001000110111111100110100000111111011001111101010101011110001101111110000010110011111010110001000100011010111110011010000011111101100011110101010101111100110111111000001011001111101011000100010001101011110001100000001010110110001100010000000000100001000010000000000010000000000010000100001000000000010000100011011110100000001100011110
0010110001000100011010111110011010000011111101100111110101010101111000110111111000001011001111101011000100010001101011111001101000001111110110001111010101010111110011011111100000101100111110101100010001000110101111000110000000101001011000100001000000000010000100001000000000000000000000001000010000100000000001000110001101101010000000110001111
1101011000100010001101011111001101000001111110110011111010101010111100011011111100000101100111110101100010001000110101111100110100000111111011000111101010101011110001101111110000010110011111010110001000100011010111100011000000010001101100011000100000000001000010000100000000000100000000000100001000010000000000100001000110100101000000011000111
1110101100010001000110101111100110100000111111011001111101010101011110001101111110000010110001111010110001000100011010111110011010000011111101100011110101010101111100110111111000001011001111101011000100010001101011110001100000001010010110001100010000000000100001000010000000000000000000000010000100001000000000010001100011011010100000001100011
1111010110001000100011010111110011010000011111101100111110101010101111000110111111000001011001111101011000100010001101011111001101000001111110110001111010101010111110011011111100000101100111110101100010001000110101111000110000000101011011000110001000000000010000100001000000000001000000000001000010000100000000001000110001101001010000000110001
0111101011000100010001101111111001101000001111110110011111010101010111100011011111100000101100111110101100010001000110101111100110100000111111011000111101010101011111001101111110000010110111111010110001000100011010111100011000000010101101100011000100000000001000010000100000000000100000000000100001000010000000000100011000110110101000000011000
1011110101100010001000110101111100110100000111111011001111101010101011110001101111110000010110011111010110001000100011010111110011010000011111101100011110101010101111100110111111000001011001111101011000100010001101011110001100000001010110110001000010000000000100001000010000000000010000000000010000100001000000000000001100011011000100000001100
0001111010110001000100011010111110011010000011111101100111110101010101111000110111111000001011001111101011000100010001101011111001101000001111110110001111010101010111110011011111100000101100111110101100010001000110101111000110000000100011011100110001000000000010000100001000000000001000000000001000010000100000000001000110001101101010000000111
1000111101011000100010001101011111001101000001111110110011111010101010111100011011111100000101100111110101100010001000110101111100110100000111111011000111101010101011111001101011110000010110011111010110001000100011010111100011000000010101101100011000100000000001000010000100000000000100000000000100001000010000000000100011000110110101000000011
1100011110101100010001000110101111100110100000111111011001111101010101011110001101111110000010110011111010110001000100011010111110011010000011111101100011110101010101111000110111111000001011001111101011000100010001101011110001100000001010110110001100010000000000100001000010000000000010000000000010000100001000000000010001100011010010100000001
0110101111010110001000100011010111111011010000011111101100111110101010101111000110111111000001011001111101011000100010001101011111001101000001111110110001111010101010111110011011111100000101100111111101100010001000110101111000110000000101001011000110001000000000010000100001000000000001000000000001000010000100000000001000110001101101010000000
0011000111101011000100010001101011111001101000001111110110011111010101010111100011011111100000101100111110101100010001000110101111100110100000111111011000111101010101011111001101111110000010110011111010110001000100011010111100011000000010101101100011000100000000001000010000100000000000000000000000100001000010000000000100011000110110101000001
0001100011110101100010001000110101111100110100000111111011001111101010101011110001101111110000010110011111010110001000100011010111110011010000011111101100011110101010101111100110111111000001011001111101011000100010001101011110001100000001010110110001100010000000000100001000010000000000010000000000010000100001000000000010001100011010010100001
0000110001111010110001000100011010111110011010000011111101100111110101010101111000110111111000001011001111101011000100010001101011111001101000001111110110001111010101010111110011011111100000101100111110101100010001000110101111000110000000101001011000110001000000000010000100001000000001001000000000001000010000100000000001000110001101101010000
0000011000111101011000100010001101011111001101000001111110110011111010101010111100011011111100000101100111110101100010001000110101111100110100000111111011000111101010101011111001101111110000010110011111010110001000100011010111100011000000010101101100011000100000000001000010000100000000000100000000000100001000010000000000100011000110100101000
0000001100011110101100010001000110101111100110100000111111011001111101010101011110001101111110000010110011111010110001000100011010111110011010000011111101100011110101010101111100110111111000001011001111111011000100010001101011110001100000001010010110001100010000000000100001000010000000000010000000000010000100001000000000010001110011011110100
0000000110001111010110001000100011010111110011010000011111101100111110101010101111000110111111000001011001111101011000100010001101011111001101000001111110110001111010101010111110011011111100000101100111110101100010001000110101111001110000100101011011000110001000000000010000100001000000000001000000000001000010000100000000001000110001101100010
1000000011000111101011000100010001101011111001101000001111110110011111010101010111100011011111100000101100111110101100010001000110101111100110100000111111011000111101010101011111001101111110000010110011111010110001000100011010111100011000000010101101100011000100000000001000010000100000000000000000000000100001000010000000000100001000110110101
0100100001100011110101100010001000110101111100110100000111111011001111101010101011110001101111110000010110011111010110001000100011010111110011010000011111101100011110101010101111100110111111000011011001111101011000100010001101011110001100000001010010110001100010000000000100001000010000000000010000000000010000100001000000000010001100011011010
1010000000110001111010110001000100011010111110011010000011111101100111110101010101111000110111111000001011001111101011000100010001101011111001101000001111110110001111010101010111100011011111100000101100111110101100010001000110101111000110000000101001011000110001000000000010000100001000000000001000000000001000010000100000000001000110001101000
0101000000011000111101011000100010001101011111001101000001111110110011111010101010111100011011111100000101100111110101100010001000110101111100110100000111111011000111101010101011111001101111110000010110011111010110001000100011010111100011000000010111101100011000100000000001000010000100000000000100000000000100001000010000000000100011000110111
1010100000001100011110101100010001000110101111100110100000111111011000111101010101011110001101111110000010110011111010110001000100011010111110011010000011111101100011110101010101111100110111111000001011001111101011000100010001101011110001100000001010110110001100010000000000100001000010000000000010000000000010000100001000000000010001100011010
1001010000000110001111010110001000100011010111110011010000011111101100111110101010101111000110111111000001011001111101011000100010001101011111001101000001111110110001111010101010111110011011111100000101100111110101100010001000110101111000110000000101011011000100001000000000010000100001000000000001000000000001000010000100000000001000110001101
0110101000000011000111101011000100010001101011111001101000001111110110011111010101010111100011011111100000101100111110101100010001000110101111100110100000111111011000111101010101011111001101111110000010110011111010110001000100011010111100011000000010111101100011000100000000001000010000100000000000100000000000100001000010000000000100011000110
1011010100000001100011110101100010001000110101111100110100000111111011000111101010101011110001101111110000010110011111010110001000100011010111110011010000011111101100011110101010101111100110111111000001011001111101011000100010001101011110001100000001010010110001100010000000000100001000010000000000010000000000010000100001000000000010001100011
1101101010000000110001111010110001000100011010111110011010000011111101100111110101010101111000110111111000001011001111101011000100010001101011111001101000001111110110001111010101010111110011011111100000101100111110101100010001000110101111000110000000101011011000110001000000000010000100001000000000000000000000001000010000100000000001000110001
1110110101000000011000111101011000100010001101011111001101000001111110110001111010101010111100011011111100000101100111110101100010001000110101111100110100000111111011000111101010101011111001101111110000010110011111010110001000100011010111100011000000010110101100011000100000000001000010000100000000000100000000000100001000010000000000100011000
0011011010100000001100011110101100010001000110101111100110100000111111011000111101010101011110001101111110000010110011111010110001000100011010111110011010000011111101100011110101010101111000110111111000001011001111101011000100010001101011110001100000001000110110001100010000000000100001000010000001000010010000000000000100001000000000010001100
0001101011010000000110001111010110001000100011010111110011010000011111101100011110101010101111000110111111000001011001111101011000100010001101011111001101000001111110110001111010101010111110011011111100000101101111110101100010001000110101111000110000000101011011000110001000000000010000100001000000000001000000000001000010000100000000001000110
1000110100101000000011000111101011000100010001101011111001101000001111110110011111010101010111100011011111100000101100111110101100010001000110101111100110100000111111011000111101010101011111001101111110000010110011111010110001000100011010111100011000000010100101100011000100000000001000010000100000000000100000000000100001000010000000000100011
1100011010010100000001100011110101100010001000110101111100110100000111111011001111101010101011110001101111110000010110011111010110001000100011010111110011010000011111101100011110101010101111100110111111000001011001111101011000100010001101011110001100000001010110110001100010000000000100001000010000000000010000000000010000100001000000000010000
1110001101101010000000110001111010110001000100011011111110011010000011111101100111110101010101111000110111111000001011001111101011000100010001101011111001101000001111110110001111010101010111110011010111100000101100111110101100010001000110101111000110000000101011011000110001000000000010000100001000000000001000000000001000010000100000000001000
0011000110100101000000011000111101011000100010001101011111001101000001111110110011111010101010111100011011111100000101100111110101100010001000110101111100110100000111111011000111101010101011110001101111110000010110011111010110001000100011010111101011000000010001101100011000100000000001000010000100000000000100000000000100001000010000100000101
0001100011011000100000001110011110101100010001000110101111100110100000111111011001111101010101011110001101111110000010110011111010110001000100011010111110011010000011111101100011110101010101111100110111111000001011001111101011000100010001101011110001100000001011110110001100010000000000100001000010000000000000000000000010000100001000000000011
1000110001101000010000000110001111010110001000100011010111110011010000011111101100111110101010101111000110111111000001011001111101011000100010001101011111001101000001111110110001111010101010111100011011111100000101100111110101100010001000110101111000110000000101011011000110001000000000010000100001000000000001000000000001000010000100000000001
0100011000110100101000000011000111101011000100010001101011111001101000001111110110011111010101010111100011011111100000101100111110101100010001000110101111100110100000111111011000111101010101011110001101111110000010110011111010110001000100011010111100011000000010101101100011000100000000001000010000100000000000100100000000100001000010000000000
0010001100011011010100000001100011110101100010001000110101111100110100000111111011001111101010101011110001101111110000010110011111010110001000100011010111110011010000011111101100011110101010101111100110111111000001011001111101011000100010001101011110001100000001010110110001100010000000000100001000010000000000010000000000010000100001000000000
0001000110001101001010000000110001111010110001000100011010111110011010000011111101100011110101010101111000110111111000001011001111101011000100010001101011111001101000001111110110001111010101010111110011011111100000101100111110101100010001000110101111000110000000101011011000110001000000000010000100001000000000001000000000001000010000100000000
0000100011000110110101000000011000111101011000100010001101111111001101000001111110110011111010101010111100011011111100000101100111110101100010001000110101111100110100000111111011000111101010101011111001101111110000010110011111110110001000100011010111100011000000010101101100011000100000000001000010000100000000000100000000000100001000010000000
0000010001100011011010100000001100011110101100010001000110101111100110100000111111011001111101010101011110001101111110000010110011111010110001000100011010111110011010000011111101100011110101010101111000110111111000001011001111101011000100010001101011110001100000001010110111001100010000000000100001000010000000000010000000000010000100001000000
0000001000110001101001010000000110001111010110001000100011010111110011010000011111101100111110101010101111000110111111000001011001111101011000100010001101011111001101000001111110110001111010101010111110011011111100000101100111111101100010001000110101111000110000000100011011000110001000000000010000100001000000000001000000000001000010000100001
0000000100011000110110101000000011000111101011000100010001101011111001101000001111110110011111010101010111100011011111100000101100111110101100010001000110101111100110100000111111011000111101010101011111001101011110000010110011111010110001000100011010111100111000000010101101100011000100000000001000010000100000000000100000000000100001000010000
0000000010001100011010010100000001100011110101100010001000110101111100110100000111111011001111101010101011110001101111110000010110011111010110001000100011010111110011010000011111101100011110101010101111100110111111000001011001111101011000100010001101011110001100000001010110110001100010000000000100001000010000000000010000000000010000100001000
0000000001000110011101011010000000110001111010110001000100011010111111011010000011111101100111110101010101111000110111111000001011001111101011000100010001101011111001101000001111110110001111010101010111110011011111100000101100111110101100010001000110101111000110000000101011011000110001000000000010000100001000000000001001000000001000010000100
0000000000100011000110100001000000011000111101011000100010001101011111001101000001111110110011111010101010111100011011111100000101100111110101100010001000110101111100110100000111111011000111101010101011110001101111110000010110011111010110001000100011010111100011000000010111101100011000100000000001000010000100000000000100000000000100001000011
1000000000010001100011011010100000001100011110101100010001000110101111100110100000111111011000111101010101011110001101111110000010110011111010110001000100011010111110011010000011111101100011110101010101111100110111111000001011001111101011000100010001101011110001100000001010110110001100010000000000100001000010000000000010000000000010000100001
0100000000001000110001101101010000000110001111010110001000100011010111110011011000011110101100111110101010101111000110111111000001011001111101011000100010001101011111001101000001111110110001111010101010111110011011111100000101100111110101100010001000110101111000110000000101011011000110001000000000010000100001000000000001000000000001000010000
1010000000000100011000110110001000000011010111101011000100010001101011111001101000001111110110001111010101010111100011011111100000101100111110101100010001000110101111100110100000111111011000111101010101011111001101111110000010110011111010110001000100011000111100011000000010100101100011000100000000001000010000100000000000100000000000100001000
0001000000000010001100011011010100000001100011110101100010001000110101111100110100000111111011001111101010101011110001101111110000010110011111010110001000100011010111110011010000011111101100011110101010101111100110111111000001011001111101011000100010001101011110001100000001010110110001100010000000000100001000010000000000010000000000010000100
0000100000000001000110001101101010000000110001111010110001000100011010111110011010000011111101100111110101010101111000110111111000001011001111101011000100010001101011111001101000001111110110001111010101010111110011011111100000101100111110101100010001000110101111000110000000100001011000110001000000000010000100001000000000001000000000001000010
1000010000000000100011000110100101000000011000111101011000100010001101011111001101000001111110110011111010101010111100011011111100000101100111110101100010001000110101111100110100000111111011000111101010101011111001101111110000010110011111010110001000100011010111100011000000010101101100011000100000000001000010000100000000000100000000000100001
0100001000000000010001100011010010100000001100011110101100010001000110111111100110100000111101011001111101010101011110001101111110000010110011111010110001000100011010111110011010000011111101100011110101010101111100110111111000001011001111101011000100010001101011110101100000001010110110001100010000000000100001000010000000000010000000000010000
0010000100000000001000110001101101010000000110001111010110001000100011010111110011010000011111101100111110101010101111000110111111000001011001111101011000100010001101011111001101000001111110110001111010101010111100011011111100000101100111110101100010001000110101111000110000000101011011000110001000000000010000100001000000000001000000000001000
0001000010000000000100011000110111101000000011000111101011000100010001101011111001101000001111110110011111010101010111100011011111100000101100111110101100010001000110101111100110100000111111011000111101010101011111001101111110000010110011111010110001000100011010111100011000010010100101100011000100000000001000010000100000000000100000000000100
0000100001000000000010001100011011010100000001100011110101100010001000110101111100110110000111111011001111101010101011110001101111110000010110011111010110001000100011010111110011010000011111101100011110101010101111100110101111000001011001111101011000100010001101011110001100000001010010110001100010000000000100001000010000000000000000000000010
1000010000100000000001000110001101001010000000110001111010110001000100011010111110011010000011111101100111110101010101111000110111111000001011001111101011000100010001101011111001101000001111110110001111010101010111110011011111100000101100111110101100010001000110101111000110000000101011011000110001000000000010000100001000000000001000000000000
0100001000010000000000100111000110100001000000011010111101011000100010001101011111001101000001111110110011111010101010111100011011111100000101100111110101100010001000110101111100110100000111111011000111101010101011111001101111110000010110011111010110001000100011010111100011000000010001101100010000000000000001000010000100000000000100000000000
0010000100001000000000010001100011011000100000001100011110101100010001000110101111100110100000111111011001111101010101011110001101111110000010110011111010110001000100011010111110011010000011111101100011110101010101111100110111111000001011001111101011000100010001101011110011100000001010110110001100010000000000100001000010000000000010000000000
0001000010000100000000001000110001101101010000000110001111010110001000100011010111110011011000011111101100011110101010101111000110111111000001011001111101011000100010001101011111001101000001111110110001111010101010111100011011111100000101100111111101100010001000110101111000110000000101011011000110001000000000010000100001000000000001000000000
0000100001000010000000000100011000110110101000000011000111101011000100010001101011111101101000001111110110011111010101010111100011011111100000101100111110101100010001000110101111100110100000111111011000111101010101011111001101011110000010110011111010110001000100011010111100011000000010101101100011000100000000001000010000100000000000000000001
0000010000100001000000000010001100011010010100000001100011110101100010001000110101111100110100000111111011001111101010101011110001101111110000010110011111010110001000100011010111110011010000011111101100011110101010101111000110111111000001011001111101011000100010001101011110001100000001010110110001100010000000000100001000010000000000010000000
0000001000010000100000000001000110001101101010000000110001111010110001000100011010111110011010000011111101100111110101010101111000110111111000001011001111101011000100010001101011111001101000001111110110001111010101010111110011011111100000101101111110101100010001000110101111000110000000101001011000110001000000000010000100001000000000001000000
0000000100001000010000000000100011000110100101000000011000111101011000100010001101011111001101000001111110110011111010101010111100011011111100000101100111110101100010001000110101111100110100000111111011000111101010101011111001101111110000010110011111010110001000100011010111100011000000010101101100011000100000000001000010000100000000000100000
0000000010000100001000000000010001100011011010100000001100011110101100010001000110101111100110100000111111011001111101010101011110001101111110000010110011111010110001000100011010111110011010000011111101100011110101010101111100110111111000001011001111111011000100010001101011110001100000001010110110001100010000000000100001000010000000000010000
1000000001000010000100000000001000110001101100010000000110001111010110001000100011010111110011010000011111101100111110101010101111000110111111000001011001111101011000100010001101011111001101000001111110110001111010101010111110011011111100000101100111110101100010001000110101111000110000000101011011000110001000000000010000100001000000000000000
0000000000100001000010000000000100011000110100101000000011000111101011000100010001101011111001101000001111110110001111010101010111100011011111100000101100111110101100010001000110101111100110100000111111011000111101010101011111001101111110000010110011111110110001000100011010111100011000000010101101100011000100000000001000010000100000000000101
0000000000010000100001000000000010001100011011000100000001100011110101100010001000110101111100110100000111111011001111101010101011110001101111110000010110011111010110001000100011010111110011010000011111101100011110101010101111100110111111000001011001111101011000100010001101011110011100000001010110110001100010000000000100001000010000000000010
1000000000001000010000100000000001000110001101011010000000110001111010110001000100011010111110011010000011111101100111110101010101111000110111111000001011001111101011000100010001101011111001101000001111110110001111010101010111110011011111100000101100111110101100010001000110101111000110000000101001011000110001000000000010000100001000000000000
0100000000000100001000010000000000100011000110110101000000011000111101011000100010001101011111001101000001111110110011111010101010111100011011111100000101100111110101100010001000110101111100110100000111111011000111101010101011111001101111110000010110011111010110001000100011010111100011000000010100101100011000100000000001000010000100000000000
0000000000000010000100001000000000010001100011011000100000001100011110101100010001000110111111100110100000111111011001111101010101011110001101111110000010110011111010110001000100011010111110011010000011111101100011110101010101111100110111111000001011001111101011000100010001101011110001100000001010110110001100010000000000100001000010000000000
0001000000000001000010000100000000001000110001101001010000000110001111010110001000100011010111110011010000011111101100111110101010101111000110111111000001011001111101011000100010001101011111001101000001111110110001111010101010111110011011111100000101100111110101100010001000110101111000110000000101011011000110001000000000010000100001000000000
0000100000000000000001000010000000000100011000110110001000000011000111101011000100010001101111111001101000001111010110011111010101010111100011011111100000101100111110101100010001000110101111100110100000111111011000111101010101011111001101111110000010110011111110110001000100011010111100011000010010101101100011000100000000001000010000100000000
1000010000000000010000100001000000000010001100011011010100000001100011110101100010001000110101111100110100000111111011001111101010101011110001101111110000010110011111010110001000100011010111110011010000011111101100011110101010101111100110111111000011011001111101011000100010001101011110001100000001000010110001100010000000000100001000010000000
0000001000000000001000010000100000000001000110001101101010000000110001111010110001000100011010111110011010000011111101100111110101010101111000110111111000001011001111101011000100010001101011111001101000001111110110001111010101010111110011011111100000101100111110101100010001000110101111000110000000101011011000110001000000000010000100001000000
0000000100000000000100001000010000000000100011000110110101000000011000111101011000100010001101111111001101000001111110110011111010101010111100011011111100000101100111110101100010001000110101111100110100000111111011000111101010101011111001101111110000010110011111010110001000100011010111100011000000010100101100011000100000000001000010000100000
1000010010000000000010000100001000000000010001100011010010100000001100011110101100010001000110101111100110100000111111011000111101010101011110001101111110000010110011111010110001000100011010111110011010000011111101100011110101010101111000110111111000001011001111101011000100010001101011110001100000001010110110001110010000000000100001000010000
0000000001000000000001000010000100000000001000110001101101010000000110001111010110001000100011011111110011010000011111101100111110101010101111000110111111000001011001111101011000100010001101011111001101000001111110110001111010101010111110011011111100000101100111111101100010001000110101111000110000000101011011000110001000000000010000100001000
0000000000100000000000100001000010000000000100011000110110101000000011000111101011000100010001101011111001101000001111110110011111010101010111100011011111100000101100111110101100010001000110101111100110100000111111011000111101010101011111001101111110000010110011111010110001000100011010111100011000000010101101100011000100000000001000010000100
0000000000010000000000010000100001000000000010001100011010010100000001100011110101100010001000110101111100110100000111111011001111101010101011110001101111110000010110011111010110001000100011010111110011010000011111101100011110101010101111100110111111000001011001111101011000100010001101011110001100000001010110110001100010000000000100001000010
1000000000001000000000001000010000100000000001000110001101101010000000110001111010110001000100011010111110011010000011111101100111110101010101111000110111111000001011001111101011000100010001101011111001101000001111110110001111010101010111110011011111100000101100111110101100010001000110101111000110000000101011011000110001000000000010000100000
0100000000000100000000000100001000010000000000100011000110100101000000011000111101011000100010001101011111001101000001111110110011111010101010111100011011111100000101100111110101100010001000110101111100110100000111111011000111101010101011111001101111110000010110011111010110001000100011010111100011000000010100101100011000100000000001000010000
0010000000000010000000000010000100001000000000010001100011010110100000001100011110101100010001000110101111100110100000111111011001111101010101011110001101111110000010110011111010110001000100011010111110011010000011111101100011110101010101111000110111111000001011001111101011000100010001101011110001100000001010110110001100010000000000100001001
1001000000000001000000000001000010000100000000001000110001101100010000000110001111010110001000100011010111110011010000011111101100111110101010101111000110111111000001011001111101011000100010001101011111001101000001111110110001111010101010111110011011111100000101100111110101100010001000110101111001110000000101011011100110001000000000010000100
0000100000000000100000000000100001000010000000000100011000110111101000000011000111101011000100010001101011111101101000001111110110001111010101010111100011011111100000101100111110101100010001000110101111100110100000111111011000111101010101011111001101111110000010110011111010110001000100011010111100011000000010101101100011000100000000001000010
1000010000000000010000000000010000100001000000000010001100011011010100000001100011110101100010001000110101111100110100000111111011001111101010101011110001101111110000010110011111010110001000100011010111110011010000011111101100011110101010101111100110111111000001011001111101011000100010001101011110001100000001010010110001100010000000000100001
0100001000000000001000000000001000010000100000000001000110001101101010000000110001111010110001000100011010111110011010000011111101100111110101010101111000110111111000001011001111101011000100010001101011111001101000001111110110001111010101010111100011011111100000101100111110101100010001000110101111000110000000101001011000110001000000000010000
0010000100000000000100000000000100001000010000000000100011000110100101000000011000111101011000100010001101011111001101000001111110110011111010101010111100011011111100000101100111110101100010001000110101111100110100000111111011000111101010101011111001101111110000010110011111010110001000100011010111100011000000010101101100011000100000000001001
1001000010000000000010000000000010000100001000000000010001100011011000100000001100011110101100010001000110101111100110100000111111011001111101010101011110001101111110000010110011111010110001000100011010111110011010000011111101100011110101010101111100110111111000001011001111101011000100010001101011110001100000001011010110001100010000000000100
0000100001000000000001000000000001000010000100000000001000010001101011010000000110001111010110001000100011010111110011010000011111101100011110101010101111000110111111000001011001111101011000100010001101011111001101000001111110110001111010101010111110011011111100001101100111110101100010001000110101111000110000000101011011000110001000000000010
1000010000100000000000100000000000000001000010000000000100011000110110101000000011000111101011000100010001101011111001101000001111110110011111010101010111100011011111100000101100111110101100010001000110101111100110100000111111011000111101010101011111001101111110000010110011111010110001000100011010111100011000000010101101100010000100000000001
0100001000010000000000010000000000010000100001000000000010001100011011110100000001100011110101100010001000110101111100110110000111111011000111101010101011110001101111110000010110011111010110001000100011010111110011010000011111101100011110101010101111100110111111000001011001111101011000100010001101011110001100000001010110110001100010000000000
0010000100001000000000001000000000001000010000100000000001000110001101101010000000110001111010110001000100011010111110011010000011111101100011110101010101111000110111111000001011001111101011000100010001101011111001101000001111110110001111010101010111110011011111100000101101111110101100010001000110101111000110000000101011011000110001000000000
0001000010000100000000000100000000000100001000010000000000100011000110110101000000011000111101011000100010001101011111001101000001111110110011111010101010111100011011111100000101100111110101100010001000110101111100110100000111111011000111101010101011111001101111110000110110011111010110001000100011010111100011000000010000101100011000100000000
0000100001000010000000000010000000000010000100001000000000010001100011010010100000001100011110101100010001000110101111100110100000111111011001111101010101011110001101111110000010110011111010110001000100011010111110011010000011111101100011110101010101111100110111111000001011001111101011000100010001101011110001100000001010110110001100010000000
0000010000100001000000000001000000000001000010000100000000001000010001101101010000000110001111010110001000100011011111110011010000011110101100111110101010101111000110111111000001011001111101011000100010001101011111001101000001111110110001111010101010111110011011111100001101100111110101100010001000110101111000110000000101001011000110001000001
0000001000010000100000000100100000000000100001000010000000000100011001110110101000000011000111101011000100010001101011111001101000001111110110001111010101010111100011011111100000101100111110101100010001000110101111100110100000111111011000111101010101011110001101011110000010110011111010110001000100011010111100011000000010101101100011000100000
0000000100001000010000000000010000000000010000100001000000000010001100011011110100000001100011110101100010001000110101111100110100000111111011001111101010101011110001101111110000010110011111010110001000100011010111110011010000011111101100011110101010101111000110111111000001011001111111011000100010001101011110001100000001010110110001100010000
0000000010000100001000000000001000000000001000010000100000000001000110001101100010000000110001111010110001000100011010111110011010000011111101100111110101010101111000110111111000001011001111101011000100010001101011111001101000001111010110001111010101010111110011011111100000101100111110101100010001000110101111000110000000101001011100100001000
0000000001000010000100000000000100000000000100001000010000000000100011000110100101000000011000111101011000100010001101011111001101000001111110110011111010101010111100011011111100000101100111110101100010001000110101111100110100000111111011000111101010101011111001101111110000010110011111010110001000100011010111100011000000010101101100011000100
0000000000100001000010000000000010000000000010000100001000000000010000100011011010100000001100011110101100010001000110111111100110100000111111011001111101010101011110001101111110000010110011111010110001000100011010111110011010000011111101100011110101010101111100110111111000001011011111101011000100010001101011110001100000001010010110001100010
1000000000010000100001000000000001000000000001000010000100000000001000110001101100010000000110001111010110001000100011010111110011010000011111101100011110101010101111000110111111000001011001111101011000100010001101011111001101000001111110100001111010101010111110011010111100000101100111110101100010001000110101111000110000000101011011000110001
0100000000001000010000100000000000000000000000100001000010000000000100011000110100101000000011000111101011000100010001101011111001101000001111110110011111010101010111100011011111100000101100111110101100010001000110101111100110100000111111011000111101010101011110001101111110000010110011111010110001000100011010111100011000000010001101100011001
0010000000000100001000010000000000010000000000010000100001000000000010001100011011010100000001101011110101100010001000110101111100110100000111111011001111101010101011110001101111110000010110011111010110001000100011010111100011010000011111101100011110101010101111100110111111000001011101111101011000100010001101011110001100000001000010110001101
0001000000000010000100001000000000001000000000001000010000100000000000000110001101001010000000110001111010110001000100011010111110011010000011111101100111110101010101111000110111111000001011001111101011000100010001101011111001101000001111110110001111010101010111110011010111100000101100111111101100010001000110101111000110000000101001011000110
1000100000000001000010000100000000000100000000000100001000010000000000100011000110100101000000011000111101011000100010001101011111001101000001111010110011111010101010111100011011111100000101100111110101100010001000110101111100110100000111111011000111101010101011111001101111110000010110011111010110001000100011010111100011000000010101101100011
1100010000000000100001000010000000000010010000000010000100001000000000010001100011010010100000001100011110101100010001000110101111100110100000111111011001111101010101011110001101111110000010110011111010110001000100011010111110011010000011111101100011110101010101111100110111111000001011001111101011000100010001101011110001100000001010010110001
0110001000000000010000100001000000000001000000000001000010000100000000001000110001101011010000000110001111010110001000100011010111111011010000011111101100111110101010101111000110111111000001011001111101011000100010001101011111001101000001111110110001111010101010111110011011111100000101100111110101100010001000110101111000110000000101011011000
0011000100000000001000010000100000000100100000000000100001000010000000000100011000110110101000000011000111101011000100010001101011111001101000001111110110011111010101010111100011011111100000101100111110101100010001000110101111100110100000111111011000111101010101011111001101111110000010110011111010110001000100011010111100011000000010101101100
1001100010000000000100001000010000000000010000000000010000100001000000000010001100011011010100000001100011110101100010001000110101111100110100000111111011000111101010101011110001101111110000010110011111010110001000100011010111110011010000011111101100011110101010101111100110101111000011011001111101011000100010001101011110001100000001010110110
1000110001000000000010000100001000000000001000000000001000010000100000000001000110001101101010000000110001111010110001000100011010111110011010000011111101100111110101010101111000110111111000001011001111101011000100010001101011111001101000001111110110001111010101010111110011011111100000101100111110101100010001000110101111000110000000101101010
1100011000000000000001000010000000000000000100000000000100001000010000000000100011100110110001000000011000111101011000100010001101011111001101000001111110110011111010101010111100011011111100000101100111110101100010001000110101111100110100000111111011000111101010101011110001101111110000010110011111010110001000100011010111100011000000010110101
0110001100010000000000100001000010000000000010000000000010000100001000000000010001100011010110100000001100011110101100010001000110101111100110100000111111011001111101010101011110001101111110000010110011111010110001000100011010111110011010000011111101100011110101010101111100110111111000001011001111111011000100010001101011110001100000001011110
1011000110001000000000010000100001000000000001000000000001000010000100000000001000010001101101010000000110001111010110001000100011010111110011010000011111101100111110101010101111000110111111000001011001111101011000100010001101011111001101000001111110110001111010101010111110011011111100000101100111110101100010001000110101111000110000000101001
1101100011000100000000001000010000100000000000100000000000100001000010000000000100011000110110101000000011000111101011000100010001101011111001101000001111110110011111010101010111100011011111100000101100111110101100010001000110101111100110100000111111011000111101010101011110001101011110000010110011111010110001000100011010111100011000000010100
0110110001100010000000000100001000010000000000010000000000010000100001000000000010001100011011010100000001100011110101100010001000110101111100110100000111111011000111101010101011110001101111110000010110011111010110001000100011010111110011010000011111101100011110101010101111100110111111000001011001111101011000100010001101011110001100000001011
1011011000110001000000000010000100001000000000001000000000001000010000100000000001000010001101001010000000110001111010110001000100011010111110011010000011111101100111110101010101111000110111111000001011001111101011000100010001101011111001101000001111010110001111010101010111100011011111100000101100111110101100010001000110101111000110000000101
1101101100011000100000000001000010000100000000000100000000000100001000010000000000100011000100100101000000011000111101011000100010001101011111001101000001111110110001111010101010111100011011111100000101100111110101100010001000110101111100110100000111111011000111101010101011111001101011110000010110011111010110001000100011010111101011000000010
1010010110001000010000000000100001000010000000000010000000000010000100001000000000010001100011010010100000001100011110101100010001000110101111100110100000111101011001111101010101011110001101111110000010110001111010110001000100011010111110011010000011111101100011110101010101111100110101111000001011001111101011000100010001101011110001100000001
0101011011000110001000000000010000100001000000000001000000000001000010000100000000001000110001101101010000000110001111010110001000100011010111110011010000011111101100111110101010101111000110111111000001011001111101011000100010001101011111001101000001111110110001111010101010111110011011111100000101100111110101100010001000110101111000110000000
0010101101100011000100000000001000010000100000000000100000000000100001000010000000000100011000110100101000000011000111101011000100010001101011111001101000001111110110011111010101010111100011011111100000101100111110101100010001000110101111100110100000111111011000111101010101011111001101111110000010110011111010110001000100011010111100011000010
1001010010110001100010000000000100001000010000000000010000000000010000100001000000000010001100011011110100000001100011110101100010001000110101111100110100000111111011001111101010101011110001101111110000010110011111010110001000100011010111110011010000011111101100011110101010101111100110111111000001011001111101011000100010001101011110001100000
0000101001011000110001000000000010000100001000000000001000000000001000010000100000000001000110001101001010000000110001111010110001000100011010111110011010000011111101100111110101010101111000110111111000001011001111101011000100010001101011111001101000001111110110001111010101010111110011011111100000101100111111101100010001000110101111000110000
0000010101101110011000100000000001000010000100000000000100000000000100001000010000000000100011000110110101000000011000111101011000100010001101111111001101000001111010110011111010101010111100011011111100000101100111110101100010001000110101111100110100000111101011000111101010101011111001101111110000010110011111010110001000100011010111100011001
0000001000110110001100010000000000100001000010000000000000000000000010000100001000000000010001100011010010100000001100011110101100010001000110101111100110100000111111011001111101010101011110001101111110000010110011111010110001000100011010111110011010000011111101100011110101010101111000110111111000001011001111101011000100010001101011110001101
0000000101011011000110001000000000010000100001000000000001000000000001000010000100000000001000110001101001010000000110001111010110001000100011011111110011010000011111101100111110101010101111000110111111000001011001111101011000100010001101011111001101000001111110110001111010101010111110011011111100000101100111110101100010001000110101111000110
1000000010000101100011000100000000001000010000100000000000100000000000100001000010000000000100011000110110001000000011000111101011000100010001101011111001101000001111110110011111010101010111100011011111100000101100111110101100010001000110101111100110100000111111011000111101010101011111001101111110000010110011111010110001000100011010111100011
1100000001011010110001100010000000000100001000010000000000010000000000010000100001000000000010001100011010010100000001100011110101100010001000110101111100110100000111111011001111101010101011110001101111110000010110011111010110001000100011010111110011010000011111101100011110101010101111100110111111000001011001111101011000100010001101011110001
0110000000100011011000110001000000000010000100001000000000001000000000001000010000100000000001000010001101101010000000111001111010110001000100011010111110011010000011111101100111110101010101111000110111111000001011001111101011000100010001101011111001101000001111110110001111010101010111110011011111100000101100111110101100010001000110101111001
0111000000010101101100011000100000000001000010000100000000000100000000000100001000010000000000100011000110100101000000011000111101011000100010001101011111001101000001111110110011111010101010111100011010111100000101100111110101100010001000110101111100110100000111111011000111101010101011111001101111110000010110011111010110001000100011010111100
0001100000001010110110001000010000000000100001000010000000000010000000000010000100001000000000010001100011011010100000001100011110101100010001000110101111100110100000111111011001111101010101011110001101111110000010110011111010110001000100011010111110011010000011111101100011110101010101111100110111111000001011001111111011000100010001101011110
0000110000000101111011000110001000001000010000100001000000000001000000000001000010000100000000001000110001101100010000000110001111010110001000100011010111110011010000011111101100111110101010101111000110111111000001011001111101011000100010001101011111001101000001111110110001111010101010111100011011111100000101100111110101100010001000110101111
1100011000000010101101100011000100000000001000010000100000000000100000000000100001000010000000000100011000110110101000000011000111101011000100010001101011111001101000001111110110001111010101010111100011011111100000101100111110101100010001000110101111000110100000111101011000111101010101011111001101111110000010110011111010110001000100011010111
1110011100000001010010110001100010000000000100001000010000000000010000000000010000100001000000000010001100011011010100000001100011110101100010001000110101111100110100000111111011001111101010101011110001101111110000010110011111010110001000100011010111110011010000011111101100011110101010101111100110111111000001011001111101011000100010001101010
1111000110000000101111011100110001000000000010000100001000000000001000000000001000010000100000000001000110001101101010000000110001111010110001000100011010111110011010000011111101100111110101010101111000110111111000001011001111101011000100010001101011111001101000001111110110001111010101010111110011010111100000101100111110101100010001000110100
0111100011000000010101101100011000100000000001000010000100000000000100000000000100001000010000000000000011000110110101001000011000111101011000100010001101011111001101000001111110110011111010101010111100011011111100000101100111110101100010001000110101111100110100000111111011000111101010101011111001101111110000010110011111110110001000100011010
1011110001100000001000110110001100010000000000100001000010000000000010000000000010000100001000000000010000100011010010100000001100011110101100010001000110101111100110100000111111011001111101010101011110000101111110000010110011111010110001000100011010111110011010000011111101100011110101010101111100110111111000001011001111101011000100010001101
0101111000110000000101011011000110001000000000010000100001000000000001000000000001000010000100000000001000110001101101010000000110001111010110001000100011010111110011010000011111101100111110101010101111000110111111000001011001111101011000100010001101011111001101000001111110110001111010101010111110011010111100000101100111110101100010001000110
0010111100011000000010101101110011000100000000001000010000100000000000100000000000100001000010000000000100011001110110101000000011000111101011000100010001101011111001101000001111110110001111010101010111100011011111100000101100111110101100010001000110101111100110100000111111011000111101010101011111001101111110000010110011111010110001000100011
1101011110001100000001010010110001100010000000000100001000010000000000010010000000010000100001000000000010001100011010010100000001100011110101100010001000110101111100110100000111111011001111101010101011110001101111110000010110011111010110001000100011010111100011010000011111101100011110101010101111100110111111000001011001111101011000100010000
0110101111000110000000101011011000110001000000000010000100001000000000001000000000001000010000100000000001000110001101101010000000110001111010110001000100011010111111011010000011111101100111110101010101111000110111111000001011001111101011000100010001101011111001101000001111110110001111010101010111110011011111100000101100111110101100010001000
1011010111100011000000010101101100011000100000000001000010000100000000000100000000000100001000010000000000100001000110100101000000011000111101011000100010001101011111001101000001111110110011111010101010111100011011111100000101100111110101100010001000110101111100110100000111111011000111101010101011111001101111110000010110011111010110001000100
1001101011110001100000001010110110001100010000000000100001000010000000000010000000000010000100001000000000010001100011011010100000001100011110101100010001000110101111100110100000111111011000111101010101011110001101111110000010110011111010110001000100011010111110011010000011111101100011110101010101111100110111111000001011001111101011000100010
1000110101111000110000000100011011000110000000000000010000100001000000000001000000000001000010000100000000001000110001101101010000000110101111010110001000100011011111110011010000011111101100111110101010101111000110111111000001011001111101011000100010001101001111001101000001111110110001111010101010111110011011111100000101100111110101100010000
1100011010111100011000000010100101100011000100000000001000010000100000000000100000000000100001000010000000000100011000110100101000000011000111101011000100010001101011111001101000001111110110011111010101010111100011011111100000101100111110101100010001000110101111100110100000111111011000111101010101011110001101111110000010110011111010110001000
0010001101011110001100000001010110111001100010000000000100001000010000000000010000000000010000100001000000000010001100011010110100000001100011110101100010001000110101111100110110000111111011001111101010101011110001101111110000010110011111010110001000100011010111110011010000011111101000011110101010101111100110111111000001011001111111011000100
0001000110101111000110000000101001011000110001000000000010000100001000000000001000000000001000010000100000000001000110001101101010000000110001111010110001000100011010111110011010000011111101100111110101010101111000110111111000001011001111101011000100010001101011111001101000001111110110001111010101010111110011011111100000101100111110101100010
1000100011010111100011000000010101101100011000100000000001000010000100000000000100000000000100001000010000000000100011000110110101000000011000111101011000100010001101011111001101000001111110110011111010101010111100011010111100000101100011110101100010001000110101111100110100000111111011000111101010101011111001101011110000010110011111010110001
0100010001101011110001100000001010110110001100010000000000100001000010000000000010000000000010000100001000000000010001100011011110100000001100011110101100010001000110111111100110100000111111011001111101010101011110001101111110000010110011111010110001000100011010011110011010000011110101100011110101010101111100110111111000001011001111101011000
0010001000110101111000110000000101011011000110001000000000010000100001000000000001000000000001000010000100000000001000110001101101010000000110001111010110001000100011010111110011010000011111101100111110101010101111000110111111000001011001111101011000100010001101011111001101000001111110110001111010101010111110011011111100000101100111110101101
0001000100011010111100011000000010101101100011000100000000001000010000100000000000100000000000100001000010000000000100011000110100101000000011000111101011000100010001101111111001101000001111110110011111010101010111100011011111100000101100111110101100010001000110101111100110100000111111011000111101010101011111001101011110000010110011111110110
1000100010001101011110001100000001000110110001100010000000000100001000010000000000010000000000010000100001000000000010001100011011100100000001100011110001100010001000110101111100110100000111111011001111101010101011110001101111110000010110011111010110001000100011010111110011010000011111101100011110101010101111100110111111000001011001111101011
1100010001000110101111000110000000101011011000110001000000000010000100001000000000001000000000001000010000100000000001000110001101001010000000110001111010110001000100011010111110011010000011111101100011110101010101111000110111111000001011001111101011000100010001101011111001101000001111110110001111010101010111100011011111100000101100111110101
0110001000100011010111100111000000010101101100011000100000000001000010000000000000000100000000000100001000010000000000100011000110110101000000011100111101011000100010001101011111001101000001111110110001111010101010111100011011111100000101100111110101100010001000110101111100110100000111111011000111101010101011111001101111110000010110011111010
1011000100010001101011110001100000001010010110001100010000000000100001000010000000000010000000000010000100001000000000010001100011011010100000001100011110101100010001000110101111100110100000111111011001111101010101011110001101011110000010110001110010110001000100011010111110011010000011111101100011110101010101111100110111111000001011001111101
0101100010001000110101111000110000000101111011000110001000000000010000100001000000000001000000000001000010000100000000001000110001101001010000000110001111010110001000100011010111110011010000011111101100111110101010101111000110111111000001011001111101011000100010001101011111001101000001111110110001111010101010111110011011111100000101100111111
0010110001000100011010111100011000000010101101100011000100000000001000010000100000000000100000000000100001000010000000000100011000110110001000000011000111101011000100010001101111111001101000001111110110011111010101010111100011011111100000101100111110101100010001000110101111100110100000111111011000111101010101011111001101111110000010110011111
1101011000100010001101011110001100000001010110110001100010000000000100001000010000000000010000000000010000100001000000000010000100011011010100000001100011110101100010001000110101111100110100000111111011001111101010101011110001101111110000010110011111010110001000100011010111110011010000011111101100011110101010101111100110101111000001011001111
1110101100010001000110101111000110000000101011011000100001000000000010000100001000000000001000000000001000010000100000000001000110001101111010000000110001111010110001000100011010111110011010000011111101100011110101010101111000110111111000001011001111101011000100010001101011111001101000001111110110001111010101010111100011011111100000101100111
1111010110001000100011010111100011000000010101101100010000100000000001000010000100000000000100000000000100001000010000000000100011000110110101000000011000111101011000100010001101011111001101000001111010110011111010101010111100011011111100000101100111100101100010001000110101111100110100000111111011000111101010101011111001101111110000010110011
1111101011000100010001101011110001100000001010110110001100010000000000100001000010000000010000000000000010000100001000000000010001100011011010100000001100011110101100010001000110101111100110100000111111011001111101010101011110001101111110000010110011111010110001000100011010111110011010000011111101100011110101010101111100110111111000001011001
0111110101100010001000110001111000110000000101011011000110001000000000010000100001000000000001000000000001000010000100000000001000110001101101010000000110001111010110001000100011011111110011011000011111101100111110101010101111000110111111000001011001111101011000100010001101011111001101000001111110110001111010101010111110011011111100000101101
0011111010110001000100011010111100011000000010100101100011000100000000001000010000100000000000100000000000100001000010000000000100011000110110101000000011010111101011000100010001101011111001101000001111110110011111010101010111100011011111100000101100111110101100010001000110101111100110100000111111011000111101010101011110001101011110000010110
0001111101011000100010001101011110001100000001010110110001100010000000000100001000010000000000000000000000010000100001000000000010001100011011010100000001100011110101100010001000110101111100110100000111111011001111101010101011110001101011110000010110011111010110001000100011010111110011010000011111101100011110101010101111100110111111000011011
1100111110101100010001000110101111000110000000100011001000110001000000000010000100001000000000001000000000001000010000100000000001000110001101100010000000110001111010110001000100011010111110011010000011110101100111110101010101111000110111111000001011001111101011000100010001101011111001101000001111110110001111010101010111110011011111100001101
0110011111010110001000100011010111100111000000010101101100011000100000000001000010000100000000100100000000000100001000010000000000100011000110110101000000011000111101011000100010001101011111001101100001111110110011111010101010111100011011111100000101100111110101100010001000110101111100110100000111111011000111101010101011111001101011110000010
1011001111101011000100010001101011110001100000001010110010001000010000000000100001000010000000000010000000000010000100001000000000010001100011011010100000001100011110101100010001000110101111100110100000111111011001111101010101011110001101111110000010110011111010110001000100011010111110011010000011111101100011110101010101111100110111111000001
1101100111110101100010001000110101111000110000000101011011000110001000000000010000100001000000000001000000000001000010000100000000001000110001101101010000000110001111010110001000100011010111110011011000011110101100011110101010101111000110111111000001011001111101011000100010001101011111001101000001111110110001111010101010111110011010111100000
0010110011111010110001000100011010111100011000000010101101100011000100000000001000010000100000000100100000000000100001000010000000000100011000110110101000000011000111101011000100010001101011111001101000001111110110011111010101010111100011011111100000101100111110101100010001000110101111100110100000111111011000111101010101011111001101011110000
0001011001111101011000100010001101011110001100000001010010110001100010000000000100001000010000000000000000000000010000100001000000000010001100011011110100000001110011110101100010001000110101111100110100000111111011001111101010101011110001101111110000010110011111010110001000100011010111110011010000011111101100011110101010101111100110111111000
0001101110111100101100010001000110101111000110000000101011011100110001000000000010000100001000000101001000000000001000010000100000000001000110011101101010000000110001111010110001000100011010111111011010000011111101100011110101010101111000110111111000001011001111101011000100010001101011111001101000001111110110001111010101010111100011011111100
0000010110111111010110001000100011010111100111000000010100101100011000100000000001000010000100000000000100000000000100001000010000000000100011000110110101000000011000111101011000100010001101011111001101000001111110110011111010101010111100011011111100000101100111110101100010001000110101111100110100000111111011000111101010101011111001101111110
0000001011001111101011000100010001101011110001100000001010110110001100010000000000100001000010000000000010000000000010000100001000000000010001100011011010100100001100011110101100010001000110101111100110100000111101011000111101010101011110001101111110000010110011111010110001000100011010111110011010000011111101100011110101010101111100110101111
1100000101100111110101100010001000110101111000110000000101011011000110001000001000010000100001000000000000000000000001000010000100000000001000110001101000010000000110001111010110001000100011010111110011010000011111101100111110101010101111000110111111000001011001111101011000100010001101011111001101000001111110110001111010101010111100011011111
1110000010110011111010110001000100011010111100011000000010100101100011000100000000001000010000100000000000100000000000100001000010000000000100011000110110101000000011000111101011000100010001101011111001101000001111110110011111010101010111100011011111100000101100111110101100010001000110101111100110100000111111011000111101010101011111001101110
1111000001011001111101011000100010001101011110001100000001010010110001100010000000000100001000010000000000000000000000010000100001000000000010001100011010010100000001100011110101100010001000110101111100110100000111111011001111101010101011110001101111110000010110011111010110001000100011010111110011010000011111101100011110101010101111100110101
1111100000101100111110101000010001000110101111000110000000101011011000110001000000000010000100001000000000001000000000001000010000100000000001000110001101101010000000110001111010110001000100011010111110011010000011111101100111110101010101111000110111111000001011001111101011000100010001101011111001101000001111010110001111010101010111110011011
1111110000010110011111010110001000100011010111100011000000010111101100010000100000000001000010000100000000000100000000000100001000010000000000100011000110110101000000011000111101011000100010001101011111001101000001111010110011111010101010111100011011111100000101100111110101100010001000110101111100110100000111111001000111101010101011111001101
0111111000001011001111101011000100010001101011110001100000001010010110001100010000000000100001000010000000000010000000000010000100001000000000010001100011011010100000001110011110101100010001000110101111110110100000111111011001111101010101011110001101111110000010110011111010110001000100011010111110011010000011111101100011110101010101111100110
1011111100000101100111110101100010001000110101111000110000000100001011000110001000000000010000100001000000000001000000000001000010000100000000001000110001101001010000000110001111010110001000100011010111110011010000011111101100111110101010101111000110101111000001011001111101011000100010001101011111001101000001111110110001111010101010111110011
1101111110000010110011111010110001000100011010111100011000000010101101100011000100000000001000010000100000000000100000000000100001000010000000000100011000110100001000000011000111101011000100010001101011111011101000001111010110001111010101010111100001011111100000101100111110101100010001000110101111100110100000111111011000111101010101011111001
0110111111000001011011111101011000100010001101011110001100000001010110110001100010000000000100001000010000000000010000000000010000100001000000000010001100011011010100000001100011110101100010001000110111111100110110000111101011001111101010101011110001101111110000010110011111010110001000100011010111110011010000011111101100011110101010101111100
0011011111100000101101111110101100010001000110101111000110000000101011011000110001000000000010000100001000000000001001000000001000010000100000000001000110001101101010000000110001111010110001000100011010111110011010000011111101100111110101010101111000110111111000001011001111101011000100010001101011111001101000001111110110001111010101010111100
1001101111110000010110011111010110001000100011010111100011000000010101101100011000100000000001000010000100000000000000000000000100001000010000000000100011000110110101000000011000111101011000100010001101011111001101000001111110110011111010101010111100011011111100000101100111110101100010001000110101111100110100000111111011000111101010101011111
0100110111111000001011001111111011000100010001101011110001100000001010010111001100010000000000100001000010000000000010000000000010000100001000000000010001100011011010100000001100011110101100010001000110101111100110100000111111011001111101010101011110001101111110000010110011111010110001000100011010111110011010000011111101100011110101010101111
1100011010111100000101100111110101100010001000110101111000110000000101011011000100001000000000010000100001000000000001000000000001000010000100000000001000110001101101010000000110001111010110001000100011010111110011010000011111101100111110101010101111000110111111000001011001111101011000100010001101011111001101000001111110110001111010101010111
1111001101111110000010110011111010110001000100011010110100111000000010111101100011000100000000001000010000100000000000100000000000100001000010000000000100011000110110101000000011000111101011000100010001101011111001101000001111110110011111010101010111100011011111100000101100111110101100010001000110101111000110100000111101011000111101010101011
1111100110111111000001011001111101011000100010001101011110001100000001010010110001100010000000000100001000010000000000010000000000010000100001000000000010001100011010010100000001100011110101100010001000110101111100110100000111111011000111101010101011110001101111110000010110011111010110001000100011010111110011010000011111101100011110101010101
0111110011011111100000101100111110101100010001000110101111000110000000101011011000110001000000000010000100001000000000001000000000001000010000100000000001000110001101101010000000110001111010110001000100011011111110011010000011111101100111110101010101111000110111111000001011001111101011000100010001101011111001101000001111110110001111010101010
1011111001101111110000010110011111110110001000100011010111100011000000010100101100011000100000000001000010000100000000000000000000000100001000010000000000100011000110110101000000011000111101011000100010001101011111001101000001111110110011111010101010111100011011111100000101100111110101100010001000110101111100110100000111111011000111101010100
0101111100110111111000001011001111101011000100010001101011110001100000001010110110001100010000000000100001000010000000000010000000000010000100001000000000010001100011011010100100001100011110101100010001000110101111100110100000111111011001111101010101011110001101111110000010110011111010110001000100011010111110011010000011111101100011110101010
1010111110011011111100000101100111110101100010001000110101111000110000000101011011000110001000000000010000100001000000000001000000000001000010000100000000001000010001101101010000000110001111010110001000100011010111110011010000011111101100111110101010101111000110111111000001011001111101011000100010001101011111001101000001111110110001111010101
0101011111001101111110000010110011111010110001000100011010111100011000000010100101100011000100000000001000010000100000000000100000000000100001000010000000000100011000110110101000000011000111101011000100010001101011111001101000001111110110011111010101010111100011011111100000101100111110101100010001000110101111100110100000111111011000111101010
1010101111100110101111000001011001111101011000100010001101011110001100000001010010110001100010000000000100001000010000000000010000000000010000100001000000000010001100011010010100000001100011110101100010001000110101111100110100000111111011001111101010101011110001101111110000010110011111010110001000100011010111100011010000011111101100011110101
0101010111110011011111100000101100111110101100010001000110101111000110000000101001011000110001000000000010000100001000000000001000010000001000010000100000000001000110001101001010000000111001111010110001000100011010111110011010000011111101100111110101010101111000110111111000001011001111101011000100010001101011111001101000001111010110001111010
1010101011111001101011110000010110011111010110001000100011010111100011000000010101101100011000100000000001000010000100000000000100000000000100001000010000000000000011000110110101000000011000111101011000100010001101011111001101000001111110110011111010101010111100011011111100000101100111110101100010001000110101111100110100000111111011000111100
0101010101111100110111111000001011001111101011000100010001101011110011100000001010110110001100010000000000100001000010000000000010000000000010000100001000000000010001100011011000100000001100011110101100010001000110111111100110100000111111011001111101010101011110001101111110000010110011111010110001000100011010111110011010000011111101100011110
1010101010111100011011111100000101100111110101100010001000110101111000110000000101011011000110000000000000010000100001000000000000000000000001000010000100000000001000110001101101010000000110001111010110001000100011010111110011010000011110101100111110101010101111000110111111000001011001111101011000100010001101011111001101000001111110110001111
1101010101011111001101111110000010110011111010110001000100011010111100011000000010100101100011000100000000001000010000100000000000100000000000100001000010000000000100011000110100101000000011000111101011000100010001101011111001101000001111110110011111010101010111100011011111100000101100111110101100010001000110101111100110100000111111011000111
1110101010101111100110111111000001011001111101011000100010001101011110001100000000010010110001100010000000000100001000010000000000010000000000010000100001000000000010001100011011010100000001100011110101100010001000110101111100110100000111111011001111101010101011110001101111110000010110011111010110001000100011010111110011010000011110101100011
1111010101010111110011011111100000101100111110101100010001000110101111000110000000101011011000100001000000000010000100001000000000001000000000001000010000100000000001000110001101001010000000110001111010110001000100011010111110011010000011110101100011110101010101111000110111111000001011001111101011000100010001101011111001101000001111110110001
0111101010101011111001101111110000010110011111010110001000100011010111100011000000010101101100011000100000000001000010000100000000000100000000000100001000010000000000100011000110110101000000011000111101011000100010001101011111001101000001111110110011111010101010111100011011111100000101100011110101100010001000110101111100110100000111111011001
0011110101010101111000110111111000001011001111101011000100010001101011110001100000001010110110001100010000000000100001000010000000010010000000000010000100001000000000010001100011011010100000001100011110101100010001000110101111100110100000111111011001111101010101011110001101111110000010110011111010110001000100011010111110011010000011111101100
0001111010101010111110011011111100000101100111110101100010001000110101111000110000000101011011000110001000000000010000100001000000000001000000000001000010000100000000001000110001101101010000000110001111010110001000100011010111110011010000011111101100111110101010101111000110111111000001011001111101011000100010001101011111001101000001111110110
1000111101010101011111001101111110000010110011111010110001000100011010111100011000000010000101100011000100000000001000010000100000000000100000000000100001000010000000000100011000110110101000000011000111101011000100010001101011111001101000001111110110011111010101010111100011011111100000101100111110101100010001000110101111100110100000111111010
1100011110101010101111100110101111000001011001111101011000100010001101011110001100000001010110110001100010000000000100001000010000000000000000000000010000100001000000000010001100011011010100000001100011110101100010001000110101111100110100000111111011001111101010101011110001101111110000010110011111010110001000100011010111100011010000011111101
0110001111010101010111110011011111100000101100111110101100010001000110101111000110000000101011011000110001000000000010000100001000000000001000000000001000010000100000000001000110001101001010000000110001111010110001000100011011111110011010000011111101100111110101010101111000110111111000001011001111101011000100010001101011110001101000001111110
1011000111101010101011110001101111110000010110011111010110001000100011010111100011000000010101101110011000100000000001000010000100000000000100000000000100001000010000000000100011000110110101000000011000111101011000100010001101011111001101000001111110110011111010101010111100011010111100000101100111110101100010001000110101111100110100000111111
1101100011110101010101111100110101111000001011001111111011000100010001101011110001100000001010110110001100010000000000100001000010000000000010000000000010000100001000000000010001100011011010100000001100011110101100010001000110101111100110100000111111011000111101010101011110001101111110000010110001111010110001000100011010111110011010000011110
1110110001111010101010111110011011111100000101100111110101100010001000110101111000110000000100001011000100001000000000010000100001000000000001000000000001000010000100000000001000110001101101010000000110001111010110001000100011010111110011010000011111101100111110101010101111000110111111000001011001111101011000100010001101011111001101000001111
1101011000111101010101011111001101011110000010110011111010110001000100011010111100011000000010100101100011000100000000001000010000100000000100100000000000100001000010000000000100011000110100101000000011000111101011000100010001101011111001101000001111010110011111010101010111100011011111100000101100111110101100010001000110101111100110100000111
1111101100011110101010101111100110111111000001011001111101011000100010001101011110001100001001010110110001000000000000000100001000000000000000010000000000010000100001000000000010011100011010010100000001100011110101100010001000110101111100110100000111111011001111101010101011110001001111110000010110011111010110001000100011010111110011010000011
1111010110001111010101010111110011011111100000101100111110101100010001000110101111000110000000101011011000110001000000000010000100001000000000001000000000001000010000100000000001000110001101111010000000110001111010110001000100011010111110011010000011111101100111110101010101111000110111111000001011001111101011000100010001101011111001101000001
0111111011000111101010101011111001101011110000010110011111010110001000100011010111100011000000010101101100011000100000000001000010000100000000000100000000000100001000010000000000100011001110100101000000011000111101011000100010001101011111001101000001111010110011111010101010111100011011111100000101100111110101100010001000110101111000110100000
0011111101100011110101010101111100110111111000011011001111101011000100010001101011110001100000001010110110001100010000000000100001000010000000000010000000000010000100001000000000010001100011011010100000001100011110101100010001000110111111100110100000111111011000111101010101011110001101111110000010110011111010110001000100011010111110011010000
0001111110110001111010101010111100011011111100000101100111110101100010001000110101111000110000000101001011000110001000000000010000100001000000000001000000000001000010000100000000001000110001101101010000000110001111010110001000100011010111110011010000011111101100111110101010101111000110111111000001011001111101011000100010001101011111001101000
0000111111011000111101010101011111001101111110000010110011111110110001000100011010111100011000000010101101100011000100000000001000010000100000000000100000000000100001000010000000000100011000110110001000000011000111101011000100010001101011111001101000001111110110011111010101010111100011011111100000101100111110101100010001000110101111100110100
0000011111101100011110101010101111100110111111000001011001111101011000100010001101011110001100001001010010110001100010000000000100001000010000000000010000000000010000100001000000000010001100011011010100000001100011110101100010001000110101111100110100000111111011001111101010101011110001101011110000010110011111010110001000100011010111110011010
1000001111110100001111010101010111110011011111100000101100111110101100010001000110101111000110000000100011011000110001000000000010000100001000000001001000000000001000010000100000000001000110001101001010000000110001111010110001000100011010111110011010000011111101100011110101010101111000110111111000001011001111101011000100010001101011111001101
0100000111111011000111101010101011111001101111110000010110011111010110001000100011010111100011000000010111101100011000100000000001000010000100000000000100000000000100001000010000000000100011000110110101000000011000111101011000100010001101111111001101000001111110110011111010101010111100011011111100000101100111110101100010001000110101111100110
1010000011111101100011110101010101111100110111111000001011001111101011000100010001101011110001100000001010010110001100010000000000100001000010000000000010000000000010000100001000000000010001100011010010100000001100011110101100010001000110101111100110100000111101011001111101010101011110001101111110000010110001111010110001000100011010111110011
1101000001111110110001111010101010111100011011111100000101100111111101100010001000110101111000110000000101011011000110001000000000010000100001000000000001000000000001000010000100000000001000110001101101010000000110001111010110001000100011010111110011010000011111101100111110101010101111000110111111000001011000111101011000100010001101011111001
0110100000111101011000111101010101011111001101111110000010110011111010110001000100011010111101011000000010100101100011000100000000001000010000100000000000100000000000100001000010000000000100011000110110101000000011000111101011000100010001101011111001101000001111110110011111010101010111100011011111100000101100111110101100010001000110101111100
0011010000011111101100011110101010101111100110111111000001011001111101011000100010001101011110001100000001010110110001100010000000000100001000010000000000010000000000010000100001000000000010001100011010010100000001100011110101100010001000110101111100110100000111111011001111101010101011110001101111110000010110011111010110001000100011010111110
1001101000001111110110001111010101010111110011011111100000101100111110101100010001000110101111000110000000101011011000110001000000000010000100001000000000001000000000001000010000100000000001000010001101101010000000110001111010110001000100011010111110011010000011111101100111110101010101111000110111111000001011001111101011000100010001101011111
1100110100000111101011000111101010101011111001101111110000010110011111010110001000100011010111100011000000010101101100011000100000000001000010000100000000000100000000000100001000010000000000100011000110100001000000011000111101011000100010001101011111001101000001111010110011111010101010111100011010111100000101100111110101100010001000110101111
1110011010000011110101100011110101010101111100110111111000001011001111101011000100010001101011110001100000001000110110011000010000000000100001000010000000000000000000000010000100001000000000010001100011011000100000001100011110101100010001000110101111100110100000111111011000111101010101011110001101111110000010110011111010110001000100011010111
1111001101000001111110110001111010101010111110011011111100000101100111110101100010001000110101111000110000000101001011000110001000000000010000100001000000000001000000000001000010000100000000001000110001101101010000000110101111010110001000100011010111110011010000011111101100111110101010101111000110111111000001011001111101011000100010001101011
1111100110100000111101011000111101010101011111001101111110000010110011111010110001000100011010111100011000000010101101100011000100000000001000010000100000000000100000000000100001000010000000000100011001110100101000000011000111101011000100010001101011111001101000001111010110011111010101010111100011011111100000101100011110101100010001000110101
0111110011010000011111101100011110101010101111100110111111000001011001111101011000100010001101011110001100000001010110110001100010000000000100001000010000000000010000000000010000100001000000000010001100011010010100000001100011110101100010001000110111111100110100000111111011000111101010101011110001101111110000010110011111010110001000100011010
1011111001101000001111010100001111010101010111110011010111100000101100111110101100010001000110101111000110000000101001011000110001000000000010000100001000000000001000000000001000010000100000000001000110001101101010000000110001111010110001000100011010111110011010000011110101100111110101010101111000110101111000001011001111101011000100010001101
0101111100110100000111111011000111101010101011111001101111110000010110011111010110001000100011010111100011000000010101101100011000100000100001000010000100000000000000000000000100001000010000000000100011000110100101000000011000111101011000100010001101011111001101000001111010110011111010101010111100011011111100000101100111110101100010001000110
1010111110011010000011111101100011110101010101111100110111111000001011001111101011000100010001101001110001100000001010010110001100010000000000100001000010000000000010000000000010000100001000000000010000100011011010100000001100011110101100010001000110101111100110100000111111011001111101010101011110001101111110000010110011111010110001000100011
1101011111001101000001111110110001111010101010111110011011111100000101100111110101100010001000110101111000110000000101011011000110001000000000010000100001000000000001000000000001000010000100000000001000110001101101010000000110001111010110001000100011010111110011010000011111101100111110101010101111000110111111000001011001111101011000100010001
0110101111100110100000111111011000111101010101011111001101111110000010110011111010110001000100011010111100011000000010111101100011000100000000001000010000100000000000100000000000100001000010000000000100011000110111101000000011000111101011000100010001101111111001101000001111110110011111010101010111100011011111100000101100111110101100010001000
0011010111110011010000011111101100011110101010101111000110111111000001011011111101011000100010001101011110001100000001010110110001100010000000000100001000010000000000010000000000010000100001000000000010001100011010110100000001100011110101100010001000110101111100110110000111101011001111101010101011110001101111110000010110011111010110001000100
0001101011111001101000001111110110001111010101010111110011011111100000101100111110101100010001000110101111000110000000100011011000110001000000000010000100001000000000000000000000001000010000100000000001000110001101011010000000110001111010110001000100011010111110011011000011111101100111110101010101111000110111111000001011001111101011000100010
1000110101111100110100000111111011000111101010101011110001101111110000010110011111010110001000100011010111100011000000010100101100011000100000000001000010000100000000000100000000000100001000010000000000100011000110110101000000011000111101011000100010001101011111001101000001111110110011111010101010111100011011111100000101100111110101100010001
0100011010111110011010000011111101100011110101010101111100110111111000001011001111101011000100010001101011110001100000001010110110001100010000000000100001000010000000000010000000000010000100001000000000010001100011010010100100001100011110101100010001000110101111100110100000111101011000111101010101011110001101111110000010110011111010110001000
0010001101011110001101000001111010110001111010101010111100011011111100000101100111110101100010010000010101111001110110000100101011000100111000001000110000100000000100000100000000000000010010100100001000001110110000101011010000110111001100010100000000101011011111111011010000011011101100111110001010001111100010101111000001011001111101011000100
