0010001101011111001101000001111110110001111010101010111010011011111100001101100111110101100011001100110101111000110000100100010011100100001000001000010000110001010100000001000000000001000010000100001000000000110011101100010010000110001111010110011001100011010011110011011000011111101100111110101010101111000110111111000001011000111101011000100
0001000110101111100110100000111111011000111101010101011111001101111110000010110011111010110001000100011010111100011000000010100101100011000100000000001000010000100000000000100000000000100001000010000000000100011000110110101000000011000111101011000100010001101011111001101000001111110110011111010101010111100011011111100000101100111110101100010
1000100011010111110011010000011111101100011110101010101111000110111111000001011001111101011000100010001101011110001100000001010110110001100010000000000100001000010000000000010000000000010000100001000000000010001100111011010100000001100011110101100010001000110101111100110100000111111011001111101010101011110001101111110000010110011111010110001
0100010001101011111001101000001111110110001111010101010111110011011111100000101100111110101100010001000110101111000110000000101011011000110001000000000010000100001000000000001000000000001000010000100000000001000010001101111010000000110001111010110001000100011010111110011010000011110101100111110101010101111000110111111000001011001111101011000
0010001000110101111100110100000111111011000111101010101011111001101111110000010110011111010110001000100011010111100011000000010101101100011000100000000001000010000100000000000100000000000100001000010000000000100011000110100001000000011000111101011000100010001101011111001101000001111110110011111010101010111100011011111100000101100111110101100
0001000100011010111110011010000011111101100011110101010101111100110111111000011011001111101011000100010001101011110001100001001010110111001100010000000000100001000010000000000010000000000010000100001000000000010001100011011000100000001100011110101100010001000110101111100110100000111111011001111101010101011110001101111110000010110011111010110
1000100010001101011111001101000001111110110001111010101010111110011011111100000101100111110101100010001000110101111000110000000101001011000110001000000000010000100001000000000001000000000001000010000100000000001000110001101101010000000110001111010110001000100011010111110011010000011111101100111110101010101111000110111111000001011001111101011
1100010001000110101111100110100000111111011000111101010101011111001101111110000010110011111010110001000100011010111100011000000010100101100011000100000000001000010000100000000000100000000000100001000010000000000100011000110110101000000011000111101011000100010001101011111001101000001111110110001111010101010111100011011111100000101100111110101
0110001000100011010111110011010000011111101100011110101010101111100110111111000001011001111101011000100010001101011110001100000001010010110001100010000000000100001000010000000000010000000000010000100001000000000010001100011011010100000001100011110101100010001000110101111101110100000111111011001111101010101011110001101111110000010110011111010
1011000100010001101011111001101000001111110110001111010101010111110011011111100000101100111110101100010001000110101111000110000000101011011000110001000000000010000100001000000000001000000000001000010000100000000001000110011101001010000000110001111010110001000100011010111110011010000011111101100111110101010101111000110111111000001011001111100
0101100010001000110101111100110100000111111011000111101010101011111001101011110000010110011111110110001000100011010111100011000000010101101100011000100000000001000010000100000000000100000000000100001000010000000000100011000110110101000000011000111101011000100010001101011111001101000001111010110011111010101010111100011011111100000101100111110
1010110001000100011010111110011010000011111101100011110101010101111100110111111000001011001111101011000100010001101011110001100000001010110110001100000000000000100001000010000000000010000000000010000100001000000000010001100011011010100000001100011110101100010001000110101111100110100000111111011001111101010101011110001101111110000010110011111
1101011000100010001101011111001101000001111110110001111010101010111100011011111100000101100111110101100010001000110101111000110000000101011011000110001000000000010000100001000000000001000000000001000010000100000000001000110001101001010000000110001111010110001000100011010111110011010000011111101100111110101010101111000110111111000001011001111
1110101100010001000110101111100110100000111111011000111101010101011111001101011110000010110011111010110001000100011010111100011000000010111101100011000100000000001000010000100000000000100000000000100001000010000000000100011000110100101000000011000111101011000100010001101011111001101000001111110110011111010101010111100011011111100000101100111
1111010110001000100011010111110011010000011111101100011110101010101111000110111111000001011001111101011000100010001101001110001100000001010010111001100010000000000100001000010000000000010000000000010000100001000000000010001100011010010100000001100011110101100010001000110101111100110100000111111011000111101010101011110001101111110000010110011
1111101011000100010001101011111001101000001111110110001111010101010111110011011111100000101100111110101100010001000110101111000110000000101101011000110001000000000010000100001000000000001000000000001000010000100000000001000110001101101010000000110001111010110001000100011010111110011010000011111101100011110101010101111000110111111000001011000
0111110101100010001000110101111100110100000111111011000111101010101011111001101111110000010110011111010110001000100011010111100011000000010101101100011000100000000001000010000100000000000100000000000100001000010000000000100011000110110001000000011000111101011000100010001101011111001101000001111110110001111010101010111100011011111100000101100
0011111010110001000100011010111110011010000011111101100011110101010101111100110111111000001011001111101011000100010001101011110001100000001011110110001100010000000000100001000010000000000000000000000010000100001000000000010000100011011010100000001100011110101100010001000110101111100110100000111101011001111101010101011110001101111110000010110
1001111101011000100010001101011111001101000001111110110001111010101010111110011011111100000101100111110101100010001000110101111000110000000100001011000110001000000000010000100001000000000001000000000001000010000100000000001000010001101101010000000110001111010110001000100011010111110011010000011111101100111110101010101111000110111111000001011
1100111110101100010001000110101111100110100000111111011000111101010101011111001101111110000010110011111010110001000100011010111100011000000010100101100011000100000000001000010000100000000000100000000000100001000010000000000100011000110100101000000011000111101011000100010001101011111001101000001111010110011111010101010111100011011111100000101
0110011111010110001000100011010111100011010000011111101100011110101010101111100110111111000001011001111111011000100010001101011110001100000001010110110001100010000000000100001000010000000010010010000000010000100001000000000010001100011011010100000001110011110101100010001000110101111100110100000111111011001111101010101011110001101111110000010
1011001111101011000100010001101011111001101000001111110110001111010101010111110011011111100000101100111110101100010001000110101111000110000000100001011000110000000000000010000100001000000000001000000000001000010000100000000001000110011001101010000000110101111010110001000100011010011110011010000011111101100111110101010101111000110101111000001
0101100111110101100010001000110101111100110100000111111011000111101010101011111001101111110000010110011111010110001000100011010111100011000000010000101100011000100000000001000010000100000000100100000000000100001000010000000000100011000110110101000000011100111101010000100010001101011111001101000001111110110011111010101010111100011011111100000
0010110011111010110001000100011010111110011010000011111101100011110101010101111100110111111000001011001111101011000100010001101011110001100000001010110110001100010000000000100001000010000000000010000000000010000100001000000000010001100011011010100000001100011110101100010001000110101111100110100000111111011001111101010101011110001101111110000
0001011001111101011000100010001101011111001101000001111110110001111010101010111100011011111100000101100111110101100010001000110101111000110000000101001011000110001000000000010000100001000000000001000000000001000010000100000000001000110001101101010000000110001111010110001000100011010111110011010000011111101100111110101010101111000110111111000
0000101100111110101100010001000110101111100110100000111111011000111101010101011111001101011110000010110011111110110001000100011010111100011000000010101101100011000100000000001000010000100000000000100000000000100001000010000000000100011000110110101000000011100111101011000100010001101011111001101100001111010110011111010101010111100011011111100
0000010110011111010110001000100011010111110011010000011111101100011110101010101111100110111111000001011001111101011000100010001101011110011100000001010110110001100010000000000100001000010000000000000000000000010000100001000000000010001100011011000100000001100011110101100010001000110101111100110100000111111011001111101010101011110001101111110
1000001011001111101011000100010001101011111001101000001111110110001111010101010111110011011111100000101100111110101100010001000110101111000110000000101011011000110001000000000010000100001000000000001000000000001000010000100000000001000110001101101010000000110001111010110001000100011010111110011010000011111101100111110101010101111000110111111
1100000101100111110101100010001000110101111100110100000111111011000111101010101011110001101111110000010110011111010110001000100011010111100011000000010101101100011000100000000001000010000100000000000100000000000100001000010000000000100001000110110101000000011000111101011000100010001101011111001101000001111110110011111010101010111100011011111
1110000010110011111010110001000100011010111110011010000011111101100011110101010101111100110111111000001011001111101011000100010001101011110001100000001001010110001000010000000000100001000010000000000010000000000010000100001000000000010001100011011010100000001100011110101100010001000110101111100110100000111101011001111101010101011110001101011
1111000001011001111101011000100010001101011111001101000001111110110001111010101010111110011011111100000101100111111101100010001000110101111000110000000101011011000110001000000000010000100001000000000001000000000001000010000100000000001000010001101101010000000110001111010110001000100011010111110011010000011111101100111110101010101111000110110
1111100000101100111110101100010001000110101111100110100000111111011000111101010101011110001101111110000010110011111010110001000100011010111100011000000010100101100011000100000100001000010000100000000000100000000000100001000010000000000100011000110110001000000011000111101011000100010001101011111001101000001111110110011111010101010111100011011
1111110000010110011111010110001000100011010111110011010000011111101100011110101010101111100110111111000001011001111101011000100010001101011110001100000001010110110001000010000000000100001000010000000000010000000000010000100001000000000010001100011011010100000001100011110101100010001000110101111100110100000111101011001111101010101011110001101
0111111000001011001111101011000100010001101011111001101000001111110110001111010101010111110011011111100000101100111110101100010001000110101111000110000000101111011000110001000000000010000100001000000000001000000000001000010000100000000001000110001101111010000000110001111010110001000100011010111111011010000011111101100111110101010101111000110
1011111100000101100111110101100010001000110101111100110100000111111011000111101010101011111001101111110000010110011111010110001000100011010111100011000000010101101100011000100000000001000010000100000000000100000000000100001000010000000000100011000110100101000000011000111101011000100010001101011111001101100001111010110011111010101010111100011
1101111110000010110001111010110001000100011010111110011010000011111101100011110101010101111000110111111000001011001111101011000100010001101011110001100000001010110110001100010000000000100001000010000000000010000000000010000100001000000000010001100011010010100100001100011110101100010001000110101111100110100000111111011001111101010101011110001
0110111111000001011001111101011000100010001101011111001101000001111110110001111010101010111110011011111100000101100111110101100010001000110101111000110000000101011011000110001000000000010000100001000000000001000000000001000010000100000000001000110001101101010000000110001111010110001000100011010111110011010000011111101100011110101010101111000
0011011111100000101100111110101100010001000110101111100110100000111111011000111101010101011110001101111110000010110011111010110001000100011010111100011000000010101101100011000100000000001000010000100000000000100100000000100001000010000000000100011000110110101000000011000111101011000100010001101011111001101000001111110110011111010101010111100
0001101111110000010110011111010110001000100011010111110011010000011111101100011110101010101111100110101111000001011001111101011000100010001101011110001100000001010110110001100010000000000100001000010000000000010000000000010000100001000000000010000100011011010100000001100011110101100010001000110111111100110100000111111011001111101010101011111
1000110111111000001011001111101011000100010001101011111001101000001111110110001111010101010111110011011111100000101100111110101100010001000110101111000110000000101001011000110001000000000010000100001000000000001000000000001000010000100000000001000110001101101010000000110001111010110001000100011010111110011010000011111101100111110101010101110
1100011011111100000101100111110101100010001000110101111100110100000111111011000111101010101011111001101111110000010110011111010110001000100011010111100011000000010101101100011000100000000001000010000100000000000100000000000100001000010000000000100011000110100101000000011000111101011000100010001101011111001101000001111110110011111010101010111
1110001101111110000010110011111010110001000100011010111110011010000011110101100011110101010101111100110111111000001011001111101011000100010001101011110001100000001010110110001100010000000000100001000010000000000010000000000010000100001000000000010001100011011010100000001100011110101100010001000110101111100110100000111111011001111101010101011
1111000110111111000001011001111101011000100010001101001111001101000001111110110001111010101010111110011011111100000101100111110101100010001000110101111000110000000101011011000110001000000000010000100001000000000001000000000001000010000100000000001000010001101001010000000110001111010110001000100011011111110011010000011111101100111110101010101
0111100011011111100000101100111110101100010001000110101111100110100000111111011000111101010101011111001101111110000010110011111010110001000100011010111100011000000010111101100011000100000000001000010000100000000100100000000000100001000010000000000100011000110110101000000011000111101011000100010001101111111001101100001111110110011111010101010
1011110001101111110000010110011111010110001000100011010111110011010000011111101100011110101010101111000110111111000001011001111101011000100010001101011110001100000001010010110001100010000000000100001000010000000000010000000000010000100001000000000010001100011011010100000001100011110101100010001000110101111100110100000111111011001111101010101
0101111000110111111000001011001111101011000100010001101011111001101000001111110110001111010101010111100011011111100000101100111110101100010001000110101111000110000000101111011000110001000000000010000100001000000000001000000000001000010000100000000001000110001101101010000000110001111010110001000100011010111111011010000011111101100011110101010
1010111100011011111100000101100111110101100010001000110101111100110100000111111011000111101010101011111001101111110000010110011111010110001000100011010111100011000000010100101100011000100000000001000010000100000000000100000000000100001000010000000000100011000110110101000000011000111101011000100010001101011111001101000001111110110011111010101
0101011110001101111110000010110011111010110001000100011010111110011010000011111101100011110101010101111100110111111000001011001111101011000100010001101011110001100000001010110110001100010000000000100001000010000000000010000000000010000100001000000000010001100011011110100100001100011110101100010001000110101111100110100000111111011001111101010
1010101111000110111111000001011001111101011000100010001101011111001101000001111110110001111010101010111110011010111100000101100111110101100010001000110101111000110000000100011011000110001000000000010000100000000000000001000000000001000010000100000000001000010001101101010000000110001111010110001000100011011111110011010000011111101100111110101
0101010111100011011111100000101100111110101100010001000110101111100110100000111111011000111101010101011111001101111110000010110011111010110001000100011010111100011000010010100101100011000100000000001000010000100000000000100000000000100001000010000000000100011000110110101000000011000111101011000100010001101011111001101000001111110110001111010
1010101011110001101111110000010110011111010110001000100011010111110011010000011111101100011110101010101111100110111111000001011001111101011000100010001101011110001100000001000110110001100010000000000100001000010000000000010000000000010000100001000000000010001100011010010100000001100011110101100010001000110101111100110100000111101011001111100
0101010101111000110111111000001011001111101011000100010001101011111001101000001111110110001111010101010111110011011111100000101100111110101100010001000110101111001110000000101011011000110001000000000010000100001000000000001000000000001000010000100000000001000010001101101010000000110001111010110001000100011010111110011010000011111101100111110
1010101010111100011011111100000101100111110101100010001000110101111100110100000111111011000111101010101011110001101111110000010110011111010110001000100011010111100011000000010100101100011000100000000001000010000100000000000100000000000100001000010000000000100011000110100101000000011000111101011000100010001101011111001101000001111110110001111
1101010101011110001101111110000010110011110010110001000100011010111110011010000011110101100011110101010101111100110111111000001011001111101011000100010001101011110001100000001010110110001100010000000000100001000010000000000010000000000010000100001000000000010001100011011010100000001100011110101100010001000110101111100110100000111111011001111
1110101010101111000110111111000001011001111101011000100010001101011111001101000001111110110001111010101010111110011011111100000101100111110101100010001000110101111000110000000101011011000110001000000000010000100001000000000000000000000001000010000100000000001000010001101101010000000110001111010110001000100011010111110011010000011111101100011
0111010101010111100011011111100000101100111110101100010001000110101111100110100000111111011000111101010101011111001101111110000010110011111010110001000100011010111100011000000010100101100011000100000000001000010000100000000000100000000000100001000010000000000000011000110101101000000011000111101011000100010001101011111101101000001111110110011
1111101010101011110001101111110000010110011111010110001000100011010111110011010000011111101100011110101010101111100110111111000001011001111101011000100010001101011110001100000001011010110001100010000000000100001000010000000000000000000000010000100001000000000010001100011011010100000001100011110101100010001000110101111100110100000111111011000
0111110101010101111000110111111000001011001111101011000100010001101011111001101000001111110110001111010101010111100011011111100000101100111110101100010001000110101111000110000000101011011000110001000000000010000100001000000001001000000000001000010000100000000001000110001101101010000000110001111010110001000100011010111110011010000011111101100
0001111010101010111100011011111100000101100111110101100010001000110101111100110100000111111011000111101010101011111001101111110000010110011111110110001000100011010111100011000000010101101110011000100000000001000010000100000000000100000000000100001000010000000000100011000110110101000000011000111101011000100010001101011111001101000001111110110
1001111101010101011110001101111110000010110011111010110001000100011010111110011010000011111101100011110101010101111100110111111000001011001111101011000100010001101011110001100000001010110110001100010000000000100001000010000000000010000000000010000100001000000000010001100011010010100000001100011110101100010001000110101111100110100000111111011
1100111110101010101111000110111111000001011001111101011000100010001101011111001101000001111110110001111010101010111100011011111100000101100111110101100010001000110101111000110000000101011011000100001000000000010000100001000000000001001000000001000010000100000000001000110001101000010000000111001111010110001000100011010111110011010000011111101
0110011111010101010111100011011111100000101100111110101100010001000110101111100110100000111101011000111101010101011111001101111110000010110011111010110001000100011010111100011000000010101101100011000100000000001000010000100000000000100000000000100001000010000000000100011000110111101000000011000111101011000100010001101011111001101100001111110
1011001111101010101011110001101111110000010110011111010110001000100011010111110011010000011111101100011110101010101111000110111111000001011001111101011000100010001101011110001100000001010110110001100010000000000100001000010000000000010000000000010000100001000000000010001100011011010100000001100011110101100010001000110101111100110100000111111
1101100111110101010101111000110111111000001011001111101011000100010001101011111001101000001111110110001111010101010111110011011111100000101100111110101100010001000110101111000110000000101001011000110001000000000010000100001000000000001000000000001000010000100000000001000110001101111010010000110001111010110001000100011010111110011010000011110
1110110011111010101010111100011011111100000101100111110101100010001000110101111100110100000111111011000111101010101011111001101111110000010110011111010110001000100011010111100011000000010100101100011000100000000001000010000100000000000100000000000100001000010000000000100011000110110101000000011000111101011000100010001101011111001101000001111
1111011001111101010101011110001101111110000010110011111010110001000100011010111110011010000011111101100011110101010101111100110111111000001011001111101011000100010001101011110001100000001010010110001100010000000000100001000010000000000010000000000010000100001000000000010001100011011010000000001100011110101100010001000110101111100110100000111
1111101100111110101010101111000110111111000001011001111101011000100010001101011111001101000001111110110001111010101010111110011011111100000101100111110101100010001000110101111000110000000101011011000110001000000000010000100001000000000001000000000001000010000100000000001000110001101101010000000110001111010110001000100011010111110011010000011
1111110110011111010101010111100011011111100000101100111110101100010001000110101111100110100000111111011000111101010101011110001101111110000010110111111010110001000100011010111100011000000010100101100011000100000000001000010000100000000000100000000000100001000010000000000100001000110110101000000011000111101011000100010001101011111001101000001
0111111011000111101010101011110001101111110000010110011111010110001000100011010111110011010000011111101100011110101010101111100110111111000011011001111111011000100010001101011110001100000001010110110001100010000000000100001000010000000000010000000000010000100001000000000010001100011011010100000001100011110101100010001000110111111100110100000
0011111101100111110101010101111000110111111000001011001111101011000100010001101011111001101000001111110110001111010101010111110011011111100000101100111110101100010001000110101111000110000000101001011100100001000000000010000100001000000000001000000000001000010000100000000101000110001101101010000000110001111010110001000100011010111110011010000
0001111110110001111010101010111100011011111100000101100111110101100010001000110101111100110100000111111011000111101010101011111001101111110000110110011111010110001000100011010111100111000000010101101100011000100000000001000010000100000000000100000000000100001000010000000000100011000110110101000000011000111101011000100010001101011111001101000
0000111111011001111101010101011110001101111110000010110011111010110001000100011010111110011010000011111101100011110101010101111100110111111000001011001111101011000100010001101011110001100000001010110110001100010000000000100001000010000000000010000000000010000100001000000000010001100011011010100000001100011110101100010001000110101111100110100
1000011111101100111110101010101111000110101111000001011001111101011000100010001101011111001101000001111110110001111010101010111100011011111100000101100111110101100010001000110101111000110000000101011011000110001000000000010000100001000000000001000000000001000010000100000000001000110001101101010000000110001111010110001000100011010111110011010
1000001111010110011111010101010111100011011111100000101100111110101100010001000110101111100110100000111111011000111101010101011111001101111110000010110011111010110001000100011010111100011000000010101101100011000100000000001000010000100000000000100000000000100001000010000000000100011000110111101000000011000111101011000100010001101011111001101
0100000111111011001111101010101011110001101111110000010110011111010110001000100011010111110011010000011111101100011110101010101111100110111111000001011001111101011000100010001101011110001100000001010110110001100010000000000100001000010000000000010010000000010000100001000000000010001100011011010100000001100011110101100010001000110101111100110
1010000011111101100111110101010101111000110111111000001011001111101011000100010001101011111001101000001111110110001111010101010111100011011111100000101100111110101100010001000110101111000110000000100011011000110001000000000010000100001000000000001000000000001000010000100000000001000110001101101010000000110001111010110001000100011010111110011
1101000001111010110011111010101010111100011011111100000101100111110101100010001000110101111000110100000111111011000111101010101011111001101111110000010110011111010110001000100011010111100111000000010101101100001000100000000001000010000100000000000100000000000100001000010000000000100011000110110101000000011000111101011000100010001101011111001
0110110000111111011001111101010101011110001101111110000010110011111010110001000100011010111110011010000011111101100011110101010101111000110111111000001011001111101011000100010001101011110001100000001011010110001100010000000000100001000010000000000010000000000010000100001000000000010001100011011010100000001100011110101100010001000110101111100
0011010000011111101100111110101010101111000110111111000001011001111101011000100010001101011111001101000001111110110001111010101010111110011011111100001101100111110101100010001000110101111000110000000101111011000110001000000000010000100001000000000001000000000001000010000100000000001000110001101111010000000110001111010110001000100011010111111
1001101000001111110110011111010101010111100011011111100000101100111110101100010001000110101111100110100000111111011000111101010101011111001101111110000010110011111010110001000100011010111100011000000010001101100011000100000000001000010000100000000000100000000000100001000010000000000100011000110110101000000011000111101011000100010001101011111
1100110100000111111011000111101010101011110001101111110000010110011111010110001000100011010111110011010000011111101100011110101010101111100110111111000001011001111101011000100010001101011110001100000001010010110001100010000000000100001000010000000000010000000000010000100001000000000010001100011010010100000001100011110101100010001000110101111
1110011010000011111101100111110101010101111000110111111000001011001111101011000100010001101011111001101000001111110110001111010101010111100011011111100000101100111111101100010001000110101111000110000000101001001000110001000000000010000100001000000000001000000000001000010000100000000001000110001101101010000000110001111010110001000100011010111
1111001101000001111110110011111010101010111100011011111100000101100111110101100010001000110101111100110100000111111011000111101010101011110001101111110000010110011111010110001000100011010111100011000000010101101100011000100000000001000010000100000000000000000000000100001000010000000000100011000110110101000000011000111101011000100010001101010
1111100110100000111111011001111101010101011110001101111110000010110011111010110001000100011010111110011010000011111101100011110101010101111100110111111000001011001111101011000100010001101011110001100000010010110110001100010000000000100001000010000000000010000000000010000100001000000000000001100011011010000000001100011110101100010001000110101
0111110011010000011111101100011110101010101111000110101111000001011001111101011000100010001101011111001101000001111110110001111010101010111110011011111100000101100111110101100010001000110101111000110000000101001011000110001000000000010000100001000000000001000000000001000010000100000000001000110001101101010000000110001111010110001000100011011
1011111001101000001111110110011111010101010111100011011111100000101100111110101100010001000110101111100110100000111111011000111101010101011110001101111110000010110011111010110001000100011010111100011000000010101101100011000100000000001000010000100000000000100000000000100001000010000000000100011000110100101000000011000111101011000100010001101
0101111100110100000111111011001111101010101011110001101111110000010110011111010110001000100011010111110011010000011111101100011110101010101111100110111111000011011001111101011000100010001101011110001100000001010110110001000010000000000100001000010000000000010000000000010000100001000000000010001100011011010100000001110011110101100010001000110
1010111110011010000011111101100011110101010101111000110111111000001011001111101011000100010001101011111001101000001111110110001111010101010111100011011111100000101100111110101100010001000110101111000110000100101001011000110001000000000010000100001000000000001000000000001000010000100000000001000110001101101010000000110001111010110001000100011
1101011111001101000001111010110011111010101010111100011011111100000101100111110101100010001000110101111100110100000111111011000111101010101011110001101111110000010110011111010110001000100011010111100011000000010101100100011000100000000001000010000100000000000100000000000100001000010000000000100011000110110101000000011000111101011000100010001
0110101111100110100000111111011001111101010101011110001101111110000010110011111010110001000100011010111110011010000011111101100011110101010101111100110111111000001011001111101011000100010001101011110001100000001010010110001100010000000000100001000010000000000010010000000010000100001000000000010001100011011010100000001100011110101100010001000
0011010111110011010000011111101100111110101010101111000110111111000001011001111101011000100010001101011111001101000001111110110001111010101010111100011011111100000101100111110101100010001000110101111000110000000101001011000110001000000000010000100001000000000001000000000001000010000100000000001000110001101101010000000110001111010110001000100
0001101011111001101000001111110110001111010101010111100011011111100000101100011110101100010001000110101111100110100000111111011000111101010101011111001101111110000010110011111010110001000100011010111100011000000010101101100011000100000000001000010000100000000000100000000000100001000010000000000100011000110111101000000011100111101011000100010
1000110101111100110100000111111011001111101010101011110001101011110000010110011111010110001000100011010111110011010000011111101100011110101010101111000110111111000001011001111101011000100010001101011110001100000001010010110001100010000000000100001000010000000000010000000000010000100001000000000010001100011011000100000001100011110101100010001
1100011010111110011010000011111101100011110101010101111000110111111000001011001111101011000100010001101011111001101000001111110110001111010101010111110011011111100000101100111110101100010001000110101111000110000000101011011000110001000000000010000100001000000000001000000000001000010000100000000001000110001101001010010000110001111000110001000
0010001101111111001101000001111110110011111010101010111100011011111100000101100111110101100010001000110101111100110100000111111011000111101010101011111001101111110000010110011111110110001000100011010111100011010000010101101100011000000000000001000010000100000000000100000000000100001000010000000000100011000110111101000000011000111101011000100
0001000110101111100110100000111111011001111101010101011110001101111110000010110011111010110001000100011010111110011010000011111101100011110101010101111000110111111000001011001111101011000100010001101011110001100000000010110110001100010000000000100001000010000000000010000000000010000100001000000000010001100011010000100000001100011110101100011
1000100011010111110011010000011111101100111110101010101111000110111111000001011001111101011000100010001101011111001101000001111110110001111010101010111110011011111100000101100111110101100010001000110101111000110000000100011011000110001000000000010000100001000000001001000000000001000010000100000000001000110001101101010000000110001111010110000
1100010001101011111001101000001111110110011111010101010111100011011111100000101100111110101100010001000110101111100110100000111111011000111101010101011111001101111110000010110011111010110001000100011010111100011000000010101101100011000100000000001000010000100000000000100000000000100001000010000000000100011000110110001000000011000111101011000
0010001000110101111100110100000111111011001111101010101011110001101111110000010110011111010110001000100011010111110011010000011111101100011110101010101111100110111111000001011001111101011000100010001101011110001100000001001110110001100010000000000100001000010000000000010000000000010000100001000000000010000100011011010100000001110011110101101
0001000100011010111110011010000011111101100111110101010101111000110111111000001011001111101011000100010001101011111001101000001111110110001111010101010111110011011111100000101100111110101100010001000110101111000110000000101011011000110001000000000010000100001000000000001001000000001000010000100000000001000110001101101010000000110001111010110
1000100010001101011111001101000001111110110001111010101010111100011011111100000101100111110101100010001000110101111100110100000111111011000111101010101011111001101011110000010110011111010110001000100011010111100011000000010001101100110000100000000001000010000100000000000100000000000100001000010000000000100011000110110101000000011000111101011
1100010001000110101111100110100000111101011000111101010101011110001101111110000010110011111010110001000100011010111110011010000011111101100011110101010101111100110111111000001011001111101011000100010001101011110001100000001010110110001100010000000000100001000010000000000010010000000010000100001000000000010001100011011010100000001100011110101
0110001000100011010111110011010000011111101100111110101010101111000110111111000001011001111101011000100010001101011111001101000001111110110001111010101010111110011011111100000101100111110101100010001000110101111000110000000101101011000110001000000000010000100001000000000001000000000001000010000100000000001000110001101101010000000110001111010
1011000100010001101011111001101000001111110110011111010101010111100011011111100000101100111110101100010001000110101111100110100000111111011000111101010101011110001101111110000010110011111010110001000100011010111100011000000010100101110011000100000000001000010000100000000000100000000000100001000010000000000000011000110110101001000011000111101
0101100010001000110111111100110100000111111011001111101010101011110001101111110000010110011111010110001000100011010111110011010000011111101100011110101010101111100110111111000001011001111101011000100010001101011110001100000001010110110001100010000000000100001000010000000000010000000000010000100001000000000010001100011011000100000001100011110
1010110001000100011010111110011010000011111101100111110101010101111000110111111000001011001111101011000100010001101011111001101000001111110110001111010101010111110011011111100000101100111110101100010001000110101111000110000000101001011000100001000000000010000100001000000000001000000000001000010000100000000001000110001101001010000000110001111
1101011000100010001101011111001101000001111110110011111010101010111100011011111100000101100111110101100010001000110101111100110100000111111011000111101010101011111001101111110000010110011111010110001000100011010111100011000000010101101100011000100000000001000010000100000000000100000000000100001000010000000000100011000110100101000000011000111
1110101100010001000110101111100110100000111111011001111101010101011110001101111110000010110011111010110001000100011010111110011010000011111101100011110101010101111100110111111000001011001111101011000100010001101011110001100000001000010110001100010000000000100001000010000000010010000000000010000100001000000000010001100011011010100000001100011
1111010110001000100011010111110011010000011111101100011110101010101111000110111111000001011001111101011000100010001101011111001101000001111110110001111010101010111110011011111100000101100111110101100010001000110101111000110000000101011011000110001000000000010000100001000000000001000000000001000010000100000000001000110001101001010000000110001
0111101011000100010001101111111001101000001111110110011111010101010111100011011111100000101100111110101100010001000110101111100110100000111111011000111101010101011111001101111110000010110111111010110001000100011010111100111000000010010101100011000100000000001000010000100000000000000000000000100001000010000000000100011000110110101000000011000
0011110101100010001000110101111100110100000111111011001111101010101011110001101111110000010110011111010110001000100011010111110011010000011111101100011110101010101111100110111111000001011001111101011000100010001101011110001100000001010010110001100010000000000100001000010000000000010000000000010000100001000000000010001100111011010100000001100
0001111010110001000100011010111110011010000011110101100111110101010101111000110111111000001011001111101011000100010001101011111001101000001111110110001111010101010111110011011111100000101100111110101100010001000110101111000110000000101011011000110001000000000010000100001000000000001000000000001000010000100000000001000110001101110010000000111
1000111101011000100010001101011111001101000001111110110011111010101010111100011011111100000101100111110101100010001000110101111100110100000111111011000111101010101011111001101111110000010110011111010110001000100011010111100011000000010000101100011000100000000001000010000100000000000100000000000100001000010000000000100011000110100101000000011
1100011110101100010001000110101111100110100000111111011000111101010101011110001101111110000010110011111010110001000100011010111110011010000011111101100011110101010101111100110111111000001011001111101011000100010001101011110001100000001000110110001100010000000000100001000010000000000010000000000010000100001000000000010001100011010010100000001
0110001111010110001000100011011111110011010000011111101100111110101010101111000110111111000001011001111101011000100010001101011111001101000001111110110001111010101010111100011011111100000101100111110101100010001000110101111000110000000101011011000110001000000000010000100001000000000001000000000001000010000100000000001000110001101101010000000
0011000111101011000100010001101011111001101000001111110110011111010101010111100011011111100000101100111110101100010001000110101111100110100000111111011000111101010101011111001101111110000010110011111010110001000100011010111100011000000010000101110011000100000000001000010000100000000000100000000000100001000010000000000100011000110110101000000
0001100011110101100010001000110101111100110100000111111011000111101010101011110001101111110000010110011111010110001000100011010111110011010000011111101100011110101010101111100110111111000001011001111101011000100010001101011110001100000001010010110001100010000000000100001000010000000000010000000000010000100001000000000010001100011010010100001
0000110001111010110001000100011010111110011010000011111101100111110101010101111000110111111000001011001111101011000100010001101011111001101000001111110110001111010101010111110011011111100000101100111110101100010001000110101111001110000000101011011000110001000000000010000100001000000000000000000000001000010000100000000001000110001101000010000
1000011000111101011000100010001101011111001101000001111110110001111010101010111100011011111100000101100111110101100010001000110101111100110100000111111011000111101010101011111001101111110000010110011111010110001000100011010111100011000000010101101100011000100000000001000010000100000000000100000000000100001000010000000000100011000110100101000
0000001100011100101100010001000110101111100110100000111111011001111101010101011110001101111110000010110011111010110001000100011010111110011010000011111101100011110101010101111100110111111000001011001111111011000100010001101111110001100000001010010110001100010000000000100001000010000000000010010000000010000100001000000000010001100011011110100
0000000110001111010110001000100011010111110011010000011111101100111110101010101111000110111111000001011001111101011000100010001101011111001101000001111110110001111010101010111100011011111100000101100111110101100010001000110101111010110000000101011011000110001000000000010000100001000000000001000000000001000010000100000000001000110001101001010
1000000011000111101011000100010001101011111001101000001111110110011111010101010111100011011111100000101100111110101100010001000110101111100110100000111111011000111101010101011111001101111110000010110011111010110001000100011010111100011000000010101101100011000100000000001000010000100000000000100000000000100001000010000000000100011000110100101
0100000001100011110101100010001000110101111100110100000111111011001111101010101011110001101111110000010110011111010110001000100011010111110011010000011111101100011110101010101111100110111111000001011001111101011000100010001101011110001100000001010010110001100010000000000100001000010000000000000000000000010000100001000000000010001100011011010
0010010000110001111010110001000100011010111110011010000011111101100011110101010101111000110111111000001011001111101011000100010001101011111001101000001111110110001111010101010111110011011111100000101100111110101100010001000110101111000110000000101011011000110001000000000010000100001000000000001000000000001000010000100000000001000110001101001
0101000000011000111101011000100010001101011111001101000001111110110011111010101010111100011011111100000101100111110101100010001000110101111100110100000111111011000111101010101011111001101111110000010110011111010110001000100011010111100011000000010100101100011000100000000001000010000100000000000100000000000100001000010000000000100011000110101
1010100000001100011110101100010001000110101111100110100000111111011001111101010101011110001101111110000010110011111010110001000100011010111110011010000011111101100011110101010101111100110111111000001011001111101011000100010001101011110001100000001010010110001100010000000000100001000010000000000000000000000010000100001000000000010001100011011
0001010000000110001111010110001000100011010111110011010000011111101100111110101010101111000110111111000001011001111101011000100010001101011111001101000001111110110001111010101010111100011011111100000101100111110101100010001000110101111000110000000101011011000110001000000000010000100001000000000001000000000001000010000100000000001000110001101
0110101000000011000111101011000100010001101011111001101000001111110110011111010101010111100011011111100000101100111110101100010001000110101111100110100000111111011000111101010101011111001101111110000010110011111010110001000100011010111100011000000010000101100011000100000000001000010000100000000000100000000000100001000010000000000100011000110
1011010100000001100011110101100010001000110101111100110100000111111011000111101010101011110001101111110000010110011111010110001000100011010111110011010000011111101100011110101010101111000110111111000001011001111101011000100010001101011110001100000001010010110001100010000000000100001000010000000000010000000000010000100001000000000010001100011
1101101010000000110001111010110001000100011010111110011010000011111101100111110101010101111000110111111000001011001111101011000100010001101011111001101000001111110110001111010101010111110011011111100000101100111110101100010001000110101111000110000000101011011000100001000000000010000100001000000000001000000000001000010000100000000001000110001
1110110101000000011000111101011000100010001101011111001101000001111110110011111010101010111100011011111100000101100111110101100010001000110101111100110100000111111011000111101010101011111001101111110000010110011111010110001000100011010111100011000000010100101110011000100000000001000010000100000000000100000000000100001000010000000000100011000
0011010010100000001100011110101100010001000110101111100110100000111111011000111101010101011110001101111110000010110011111010110001000100011010111110011010000011111101100011110101010101111100110111111000001011001111111011000100010001101011110001100000001010110110001100010000000000100001000010000000000010010000000010000100001000000000010001100
0001101001010000000110001111010110001000100011010111110011010000011111101100111110101010101111000110111111000001011001111101011000100010001101011111001101000001111010110001111010101010111110011011111100000101100011110101100010001000110101111000110000000100011011000110001000000000010001100001000000000001000000000001000010000100000000001000111
1000110100101000000011000111101011000100010001101011111001101000001111110110001111010101010111100011011111100000101100111110101100010001000110101111100110100000111111011000111101010101011111001101111110000010110011111010110001000100011010111100011000000010001101100010000100000000001000010000100000000000100000000000100001000010000000000100011
0100011011010100000001100011110101100010001000110101111100110100000111111011001111101010101011110001101111110000010110011111010110001000100011010111110011010000011111101100011110101010101111000110111111000001011001111101011000100010001101011110001100000001011110110001100010000000000100001000010000000000010000000000010000100001000000000010001
0110011101101010000000110001111010110001000100011010111110011010000011111101100111110101010101111000110111111000001011001111101011000100010001101011111001101000001111110110001111010101010111110011011111100000101100111110101100010001000110101111000110000000101011011000110001000000000010000100001000000000001000000000001000010000100000000001000
0011000110110101000000011000111101011000100010001101011111001101000001111110110011111010101010111100011011111100000101100111110101100010001000110101111100110100000111111011000111101010101011111001101111110000010110011111110110001000100011010111100011000000010101101100011000100000000001000010000100000000000100000000000100001000010000000000100
0001100011011110100000001110011110101100010001000110101111100110100000111111011000111101010101011110001101111110000010110011111010110001000100011010111110011010000011111101100011110101010101111100110111111000001011001111101011000100010001101011110001100000001010010110001100010000000000100001000010000000000010000000000010000100001000000000010
1000110001101101010000000110001111010110001000100011010111110011010000011111101100011110101010101111000110111111000001011001111101011000100010001101011111001101000001111110110001111010101010111110011011111100000101100111110101100010001000110101111000110000000101011011000110001000000000010000100001000000001001000000000001000010000100000000000
0100011000110101101000000011000111101011000100010001101011111001101000001111110110011111010101010111100011011111100000101100111110101100010001000110101111100110100000111111011000111101010101011111001101111110000010110011111110110001000100011010111100011000000010101101100011000100000000001000010000100000000000100000000000100001000010000000000
0010001100011010010100000001100011110101100010001000110101111100110110000111111011001111101010101011110001101111110000010110011111010110001000100011010111110011010000011111101100011110101010101111100110111111000001011001111101011000100010001101011110011100000001011010110001100010000000000100001000010000000000010000000000010000100001000000000
0001000110001101110010000000110001111010110001000100011010111110011010000011111101100011110101010101111000110111111000001011001111101011000100010001101011111001101000001111110110001111010101010111110011011111100000101100111110101100010001000110101111000110000000101011011000110001000000000010000100001000000000001000000000001000010000100000000
0000100011000110110101000000011000111101011000100010001101111111001101100001111110110011111010101010111100011011111100000101100111110101100010001000110101111100110100000111111011000111101010101011111001101111110000010110011111010110001000100011010111101111000000010100101100011000100000000001000010000100000000000100000000000100001000010000000
0000010001100011010010100000001100011110101100010001000110101111100110100000111111011000111101010101011110001101111110000010110011111010110001000100011010111110011010000011111101100011110101010101111100110111111000001011001111101011000100010001101011110001100000001010110110001100010000000000100001000010000000000010000000000010000100001000001
1000001000110011101000010000000110001111010110001000100011010111110011010000011111101100011110101010101111000110111111000001011001111101011000100010001101011111001101000001111110110001111010101010111100011011111100000101100111110101100010001000110101111000110000000100101011000110001000000000010000100001000000000001000000000001000010000100000
0000000100011000110110001000000011000111101011000100010001101011111101101000001111110110011111010101010111100011011111100000101100111110101100010001000110101111100110100000111111011000111101010101011111001101111110000010110011111010110001000100011010111100011000000010100101100011000100000000001000010000100000000000100000000000100001000010000
0000000010001100011010010100000001100011110101100010001000110101111100110100000111111011000111101010101011110001101111110000010110011111010110001000100011010111110011010000011111101100011110101010101111100110111111000011011001111101011000100010001101011110001100000001010010110001100010000000000100001000010000000000010000000000010000100001001
0000000001000110001101001010000000110001111010110001000100011010111110011010000011111101100111110101010101111000110111111000001011001111101011000100010001101011111001101000001111110110001111010101010111110011011111100000101100111110101100010001000110101111000110000000101001011000110001000000000010000100001000000000001000000000001000010000100
0000000000100011000110110101000000011000111101011000100010001101011111001101000001111110110001111010101010111100011011111100000101100111110101100010001000110101111100110100000111111011000111101010101011111001101111110000010110011111010110001000100011010111100011000000010100101100011000100000000001000010000100000000000100100000000100001000010
1000000000000001100011010010100000001100011110101100010001000110101111100110100000111111011001111101010101011110001101111110000010110011111010110001000100011010111110011010000011111101100011110101010101111100110111111000001011001111101011000100010001101011110001100000001010110110001100010000000000100001000010000000000010000000000010000100001
0100000000001000110001101101010000000110001111010110001000100011010111110011011000011111101100111110101010101111000110111111000001011001111101011000100010001101011111001101000001111110110001111010101010111110011011111100000101100111110101100010001000110101111000110000000101011011000110001000000000010000100001000000000001000000000001000010000
0010000000000100011000110110101000000011000111101011000100010001101011111001101000001111110110001111010101010111100011011111100000101100111110101100010001000110101111100110100000111111011000111101010101011110001101111110000010110011111010110001000100011010111100011000000010100101100010000100000000001000010000100000000000100100000000100001001
0001000000000010001100011011000100000001100011110101100010001000110111111100110100000111111011001111101010101011110001101111110000010110011111010110001000100011010111110011010000011111101100011110101010101111100110111111000001011001111101011000100010001101011110001100001001010010110001000010000000000100001000010000000000010010000000010000100
0000100000000001000110001101111010000000110001111010110001000100011010111110011010000011111101100111110101010101111000110111111000001011001111101011000100010001101011111001101000001111110110001111010101010111100011011111100000101100111110101100010001000110101111000110000000101001011000110001000000000010000100001000000000001000000000001000010
1000010000000000100011000110100101000000011000111101011000100010001101011111001101000001111110110011111010101010111100011011111100000101100111110101100010001000110101111100110100000111111011000111101010101011111001101111110000010110011111010110001000100011010111100011000000010101101100011000100000000001000010000100000000000100000000000100001
1100001000000000010001100011011010100000001100011110101100010001000110101111100110100000111111011001111101010101011110001101111110000010110011111010110001000100011010111110011010000011111101100011110101010101111000110111111000001011001111101011000100010001101011110001100000001010110110001100010000000000100001000010000000000010000000000010000
0010000100000000001000110001101001010000000110001111010110001000100011010111110011010000011111101100111110101010101111000110111111000001011001111101011000100010001101011111001101000001111110110001111010101010111100011011111100000101100111111101100010001000110101111000110000000100011011100110001000000000010000100001000000000001000000000001000
0001000010000000000100011000110111101000000011000111101011000100010001101011111001101000001111110110011111010101010111100011011111100000101100111110101100010001000110101111100110100000111101011000111101010101011111001101111110000010110011111010110001000100011010111100011000000010101101100011000100000000001000010000100000000000100000000000100
0000100001000000000010001100011011010100000001100011110101100010001000110101111100110110000111111011001111101010101011110001101111110000010110011111010110001000100011010111110011010000011111101100011110101010101111000110111111000001011001111101011000100010001101011110001100000001010010110001100010000000000100001000010000000010010000000000010
1000010000100000000000000110001101101010000000110001111010110001000100011010111110011010000011111101100011110101010101111000110111111000001011001111101011000100010001101011111001101000001111110110001111010101010111110011011111100000101100111111101100010001000110101111000110000000000011011000100001000000000010001100001000000000001000000000001
0100001000010000000000100011000110110101000000011000111101011000100010001101011111001101000001111110110011111010101010111100011011111100000101100111110101100010001000110101111100110100000111111011000111101010101011111001101111110000110110011111010110001000100011010111100011000000010101101100011000100000000001000010000100000000000100000000000
1010000100001000000000010001100011011010100000001100011110101100010001000110101111100110100000111111011001111101010101011110001101111110000010110011111010110001000100011010111110011010000011111101100011110101010101111100110111111000001011001111101011000100010001101011110001100000001000110110001100010000000000100001000010000000000010000000000
0001000010000100000000001000110001101101010000000111001111010110001000100011010111110011010000011111101100111110101010101111000110111111000001011001111101011000100010001101011111001101000001111110110001111010101010111110011011111100000101100111110101101010001000110101111000110000000100011011000110001000000000010000100001000000000001000000000
1000100001000010000000000100001000110110101000000011000111101011000100010001101011111001101000001111010110011111010101010111100011010111100000101100111110101100010001000110101111100110100000111101011000111101010101011111001101011110000010110011111010110001000100011010111100011000000010101101100011000100000000001000010000100000000000100000000
0000010000100001000000000010001100011010010100000001100011110101100010001000110101111100110100000111111011001111101010101011110001101111110000010110011111010110001000100011010111110011010000011111101100011110101010101111100110111111000001011001111111011000100010001101011110001100000001010110110001100010000000000100001000010000000000010000000
0000001000010000100000000001000110001101101010000000110001111010110001000100011011111110011010000011111101100111110101010101111000110111111000001011001111101011000100010001101011111001101000001111110110001111010101010111110011011111100000101101111110101100010001000110101111000110000000101001011000100001000000000010000100001000000000001000000
0000000100001000010000000000100001000110110101000000011000111101011000100010001101011111001101000001111110110011111010101010111100011011111100000101100111110101100010001000110101111100110100000111111011000111101010101011110001101111110000010110011111010110001000100011010111100011000000010101101100011000100000000001000010000100000000100100000
0000000010000100001000000000010001100011011110100100001100011110101100010001000110101111100110100000111111011001111101010101011110001101111110000010110011111010110001000100011010111110011010000011111101100011110101010101111000110111111000001011001111101011000100010001101011110001100000001010010110001100010000000000100001000010000000000010000
0000000001000010000100000000001000110001101101010000000110001111010110001000100011010111110011010000011111101100111110101010101111000110111111000001011001111101011000100010001101011111001101000001111110110001111010101010111110011011111100000101100111110101100010001000110101111000110000000001001011000110001000000000010000100001000000000000001
0000000000100001000010000000000100011000110101101000000011000111101011000100010001101011111001101000001111110110011111010101010111100011011111100000101100111110101100010001000110101111100110100000111111010000111101010101011111001101111110000010110011111010110001000100011010111100011000000010101101100011000100000000001000010000100000000000100
0000000000010000100001000000000010001100011011010100000001100011110101100010001000110101111100110100000111111011000111101010101011110001101111110000010110011111010110001000100011010111110011010000011111101100011110101010101111100110111111000001011001111101011000100010001101011110001100000001010010110001100010000000000100001000010000000000010
1000000000001000010000100000000001000110001101000010000000110001111010110001000100011010111110011010000011111101100111110101010101111000110111111000001011001111101011000100010001101011111001101000001111110110001111010101010111110011011111100000101100111110101100010001000110101111000110000000101011011000110001000000000010000100001000000000001
0100000000000100001000010000000000100011000110110101000000011000111101011000100010001101011111001101000001111110110011111010101010111100011011111100000101100111110101100010001000110101111100110100000111111011000111101010101011111001101111110000010110011111010110001000100011010111100011000000010101101100011000100000000001000010000100000000000
0010000000000010000100001000000000010001100011011000100000001100011110101100010001000110101111100110100000111111011001111101010101011110001101111110000010110011111010110001000100011010111110011010000011111101100011110101010101111000110111111000001011001111101011000100010001101011110001100000001011010110001100010000010000100001000010000000000
0001000000000001000010000100000000001000110001101001010000000110001111010110001000100011010111110011010000011111101100111110101010101111000110111111000001011001111101011000100010001101011111001101000001111110110001111010101010111110011011111100000101100111110101100010001000110101111000110000000101011011000110001000000000010000100001000000001
0000100000000000100001000010000100000100011000110110101000000011000111101011000100010001101011111001101000001111110110011111010101010111100011011111100000101100111110101100010001000110101111100110100000111111011000111101010101011111001101111110000010110011111010110001000100011010111100011000000010000101100011000100000000001000010000100000000
0000010000000000010000100001000000000010001100011011010100000001100011110101100010001000110101111100110100000111111011000111101010101011110001101111110000010110011111010110001000100011010111110011010000011111101100011110101010101111100110111111000001011001111101011000100010001101011110001100000001010110110001100010000000000100001000010000000
0000001000000000001000010000100000000001000110001101001010000000110001111010110001000100011010111110011010000011111101100111110101010101111000110111111000001011001111101011000100010001101011111001101000001111110110001111010101010111110011011111100000101100111110101100010001000110101111000110000000101111011000110001000000000010000100001000000
0000000100000000000100001000010000000000100011000110110101000000011000111101011000100010001101111111001101000001111110110011111010101010111100011011111100000101100111110101100010001000110101111100110100000111111011000111101010101011110001101111110000010110011111010110001000100011010111100011000000010100101100011000100000000001000010000100000
0000000010000000000010000100001000000000010001100011011010100000001100011110101100010001000110101111100110100000111111011001111101010101011110001101111110000010110011111010110001000100011010111110011010000011111101100011110101010101111100110111111000001011001111101011000100010001101011110001100000001010110110001100010000000000100001000010001
0000000001000000000001000010000100000000001000110001101011010000000110001111010110001000100011010111110011010000011111101100111110101010101111000110111111000001011001111101011000100010001101011111001101000001111110110001111010101010111110011011111100000101100111110101100010001000110101111000110000000101011011000110001000000000010000100001000
0000000000100000000000100001000010000000000100011000110100101000000011100111101011000100010001101011111001101000001111110110011111010101010111100011011111100000101100111110101100010001000110101111100110100000111111011000111101010101011111001101111110000010110011111010110001000100011010111100011001000010101101100010000100000000001000010000100
0000000000010000000000010000100001000000000010001100011011010100000001100011110101100010001000110101111100110100000111111011000111101010101011110001101111110000010110011111010110001000100011010111110011010000011111101100011110101010101111100110111111000001011001111101011000100010001101011110001100000001010110110001110010000000000100001000010
1000000000001000000000001000010000100000000001000110001101101010000000110001111010110001000100011010111110011010000011111101100111110101010101111000110111111000001011001111101011000100010001101011111001101000001111110110001111010101010111100011011111100000101100111110101100010001000110101111000110000000101011011000110001000000000010000100000
0100000000000100000000000100001000010000000000100011000110110101000000011000111101011000100010001101011111001101000001111110110001111010101010111100011011111100000101100111110101100010001000110101111100110100000111111011000111101010101011110001101111110000110110011111010110001000100011010111100011000000010101101100011000100000000001000010000
0010000000000010000000000010000100001000000000010001100011011010100000001100011110101100010001000110101111100110100000111111011001111101010101011110001101111110000010110011111010110001000100011010111110011010000011111101100011110101010101111100110111111000001011001111101011000100010001101011110001100000001010010110001100010000000000100001000
0001000000000001000000000001000010000100000000001000110001101101010000000110001111010110001000100011010111110011010000011111101100111110101010101111000110111111000001011001111101011000100010001101011111001101000001111110110001111010101010111110011010111100000101100111110101100010001000110101111000110000000101011011000110001000000000010000100
0000100000000000100000000000100001000010000000000100011000110110101000000011100111101011000100010001101011111101101000001111110110011111010101010111100011011111100000101100111110101100010001000110101111100110100000111111011000111101010101011111001101111110000010110011111110110001000100011010111100011000000010100101100010000100000000001000010
1000010000000000000010000000010000100001000000000010001100111010010100000001100011110101100010001000110101111100110100000111111011001111101010101011110001101011110000010110011111010110001000100011010111110011010000011111101100011110101010101111100110111111000001011001111101011000100010001101011110001100000001000110110001000010000000000100001
0100001000000000001000000000001000010000100000000001000110001101001010000000110001111010110001000100011010111110011010000011111101100111110101010101111000110111111000001011001111101011000100010001101011111001101000001111110110001111010101010111110011011111100000101100111110101100010001000110101111000110000000101111011000110001000000000010000
0010000100000000000100100000000100001000010000000000100011000110100101000000011000111101011000100010001101011111001101000001111110110001111010101010111100011011111100000101100111110101100010001000110101111100110100000111111011000111101010101011111001101111110000010110011111110110001000100011010111100011000000010100101100010000100000000001000
0001000010000000000010000000000010000100001000000000010001100011011010100000001100011110101100010001000110101111100110100000111111011001111101010101011110001101111110000010110011111010110001000100011010111110011010000011111101100011110101010101111100110101111000001011001111101011000100010001101011110001100000001010010110001100010000000000101
0000100001000000000001000000000001000010000100000000001000110001101001010000000110001111010110001000100011010111110011010000011111101100111110101010101111000110111111000001011001111101011000100010001101011111001101000001111110110001111010101010111110011011111100000101100111110101100010001000110101111000110000000101001011000110001000000000010
1000010000100000000000100000000000100001000010000000000100011000110110101000000011000111101011000100010001101011111001101000001111110110011111010101010111100011011111100000101100111110101100010001000110101111100110100000111111011000111101010101011111001101111110000010110011111010110001000100011000111100011000000010100101100010000100000000001
0100001000010000000010010000000000010000100001000000000010000100011010010100000001100011110101100010001000110101111100110100000111111011001111101010101011110001101011110000010110011111010110001000100011010111110011010000011111101100011110101010101111100110111111000001011001111101011000100010001101011110001100000001010110110001100010000000000
0010000100001000000000001000000000001000010000100000000001000110001101101010000000110001111010110001000100011010111110011010000011111101100111110101010101111000110111111000001011001111101011000100010001101011111001101000001111110110001111010101010111110011011111100000101101111110101100010001000110101111000110000000101111011000110001000000000
0001000010000100000000000100000000000100001000010000000000100011000110110101000000011000111101011000100010001101011111001101000001111110110011111010101010111100011011111100000101100111110101100010001000110101111100110100000111111011000111101010101011111001101111110000110110011111010110001000100011010111100011000000010101101100010000100000000
0000100001000010000000000000000000000010000100001000000000010001100011011010100000001100011110101100010001000110101111100110100000111111011001111101010101011110001101111110000010110011111010110001000100011010111110011010000011111101100011110101010101111100110111111000001011001111111011000100010001101011110001101000001011110110001100010000000
1000010000100001000000000001000000000001000010000100000000001000110001101100010000000110001111010110001000100011010111110011010000011111101100111110101010101111000110111111000001011001111101011000100010001101011111001101000001111110110001111010101010111110011011111100000101100111110101100010001000110101111000110000000101001011000110001000000
0000001000010000100000000000100000000000100001000010000000000100011001110110101000000011000111101011000100010001101011111001101000001111110110011111010101010111100011011111100000101100111110101100010001000110101111100110100000111111011000111101010101011110001101011110000010110011111010110001000100011010111100011000000010101101100011000100000
0000000100001000010000000000010000000000010000100001000000000010001100011011010100000001100011110101100010001000110101111100110100000111111011000111101010101011110001101111110000010110011111010110001000100011010111110011010000011111101100011110101010101111100110111111000011011001111101011000100010001101011110001100000001010010110001100010000
0000000010000100001000000000001000000000001000010000100000000001000110001101111010000000110001111010110001000100011010111110011010000011111101100111110101010101111000110111111000001011001111101011000100010001101011111001101000001111110110001111010101010111110011011111100000101100111110101100010001000110101111000110000000101011011000110001000
0000000001000010000100000000000100000000000100001000010000000000100011000110101001000000011000111101011000100010001101011111001101000001111110110011111010101010111100011011111100000101100111110101100010001000110101111100110100000111111011000111101010101011110001101111110000010110011111010110001000100011010111100011000000010101101100011000100
0000000000100001000010000000000010000000000010000100001000000000010000100011011010110000001100011110101100010001000110111111100110100000111111011001111101010101011110001101111110000010110011111010110001000100011010111110011010000011111101100011110101010101111000110111111000001011001111101011000100010001101011110001100000001010010110001100010
0000000000010000100001000000000001000000000001000010000100000000001000110001101101000000000110001111010110001000100011010111110011010000011111101100111110101010101111000010111111000001011001111101011000100010001101011111001101000001111110110001111010101010111110011011111100000101100111110101100010001000110101111000110000000101011011000110001
0100000000001000010000100000000000100000000000100001000010000000000100011000110100101001000011000111101011000100010001101011111001101000001111110110011111010101010111100011011111100000101100111110101100010001000110101111100110100000111111011000111101010101011110001101111110000010110011111010110101000100011010111100111000000010101101100011000
0010000000000100001000010000000000010000000000010000100001000000000010001100011010010100000001100011110101100010001000110101111100110100000111111011001111101010101011110001101111110000010110011111010110001000100011010111110011010000011111101100011110101010101111100110111111000001011001111101011000100010001101011110001100000001011010110001100
0001000000000010000100001000000000001000000000000000010000100000000001000110001101101010000000110001111010110001000100011010111110011010000011111101100011110101010101111000110111111000001011001111101011000100010001101011111001101000001111110110001111010101010111110011011111100000101100111110101100010001000110101111000110000000101011011000111
1000100000000001000010000100000000000100000000000100001000010000000000100011000110110101000000011000111101011000100010001101011111001101000001111110110011111010101010111100011011111100000101100111110101100010001000110101111100110100000111111011000111101010101011111001101111110000010110011111010110001000100011010111100011000000010000101100010
1100010000000000100001000010000000000010000000000010000100001000000000010001000010010010100000101100011110101100010001000110101111100110100000111111011000111101010101011110001101111110000010110011111010110001000100011010111110011010000011111101100011110101010101111100110111111000001011001111101011000100010001101011110001100000001010110110000
0110001000000000010000100001000000000001000000000001000010000100000000001000110001101101010000000110001111010110001000100011010111110011010000011111101100111110101010101111000110111111000001011001111101011000100010001101011111001101000001111110110001111010101010111110011011111100000101100111110101100010001000110101111000110000000101011011001
0010000100000000001000010000100000000100100100000000100001000010000000000100011000110110101000000011000111101011000100010001101011110001101000001111110110001111010101010111100011011111100000101100111110101100010001000110101111100110100000111111011000111101010101011110001101011110000010110011111010110001000100011010111100011000000010101101101
1001100010000000000100001000010000000000010000000000010000100001000000000010001100011010010100000001100011110101100010001000110101111100110100000111111011000111101010101011110001101111110000010110011111010110001000100011010111110011010000011111101100011110101010101111000110111111000001011001111101011000100010001101011110001100000001010110110
1000110001000000000010000100001000000000001000000000001000010000100000000001000110001101101010000000110001111010110001000100011010111110011010000011111101100111110101010101111000110111111000001011001111101011000100010001101011111001101000001111110110001111010101010111110011011111100000101100111110101100010001000110101111000110000000101001011
1110011000100000000001000010000100000000000100000000000100001000010000000000100011000110100101000000011000111101011000100010001101011111001101000001111110110001111010101010111100011011111100000101100111110101100010001000110101111100110100000111111011000111101010101011110001101111110000010110011111010110001000100011010111100011000000010101101
0110001100010000000000100001000010000000000010000000000010000100001000000000010001100011010010100000001100011110101100010001000110111111100110100000111111011001111101010101011110001101111110000010110011111010110001000100011010111110011010000011111101100011110101010101111100110111111000001011001111101011000100010001101011110001100000001010010
1011000110001000000000010000100001000000000001000000000001000010000100000000001000110001001101000000000110001111010110001000100011010111110011010000011111101100111110101010101111000110111111000001011001111101011000100010001101011111001101000001111110110001111010101010111110011011111100000101100111110101100010001000110101111000110000000101011
1101100011000100000000001000010000100000000000100000000000100001000010000000000100011000110100101000000011000111101011000100010001101011111001101000001111110110011111010101010111100011011111100000101100111110101100010001000110101111100110100000111111011000111101010101011111001101111110000010110011111010110001000100011010111100011000000010100
0110110001100010000000000100001000010000000000010000000000010000100001000000000010001100011011010100000001100011110101100010001000110101111100110110000111111011001111101010101011110001101111110000010110011111010110001000100011010111110011010000011111101100011110101010101111100110111111000001011001111101011000100010001101011110001100000001011
0011011000110001000000000010000100001000000000001000000000001000010000100000000001000110001101100010000000110001111010110001000100011010111110011010000011111101100111110101010101111000110111111000001011001111101011000100010001101011111001101000001111110110001111010101010111110011011111100000101100111110101100010001000110101111000110000000101
0101101100011000100000000001000010000100000000000100000000000100001000010000000000100001000110110101000000011100111101011000100010001101111111001101000001111110110011111010101010111100011011111100000101100111110101100010001000110101111100110100000111111011000111101010101011111001101111110000010110011111010110001000100011010111100011000000010
1011010111001100010000000000100001000010000000000010000000000010000100001000000000010001100011011000100000001100011110101100010001000110101111100110100000111111011001111101010101011110001101111110000010110011111010110001000100011010111100011010000011111101100011110101010101111100110111111000011011001111101011000100010001101011110011100000000
0101011011000110001000000000010000100001000000000001000000000001000010000100000000001000110001101111010000000110001111010110001000100011010111110011010000011111101100011110101010101111000110111111000001011001111101011000100010001101011111001101000001111110110001111010101010111110011011111100000101100111110101100010001000110101111000110000000
0010001101100011000100000000001000010000100000000000100000000000100001000010000000000100011000110110001000000011000111111011000100010001101111111001101000001111110110001111010101010111100011011111100000101100111110101100010001000110101111100110100000111111011000111101010101011111001101111110000010110011111010110001000100011010111100011000000
1001000110110001100010000000000100001000010000000000010000000000010000100001000000000010001100011011010100000001100011110101100010001000110101111100110100000111111011001111101010101011110001101111110000010110011111010110001000100011010111110011010000011111101100011110101010101111100110111111000001011001111101011000100010001101011110001100000
0000101011011000100001000000000010000100001000000000000001000000001000010000100000000001000110001101101010000000110001111010110001000100011010111110011010000011111101100111110101010101111000110111111000001011001111101011000100010001101011111001101000001111110110001111010101010111110011011111100000101100111111101100010001000110101111000110000
0000010100101100010000100000000001000010000100000000000100000000000100001000010000000000100011000110111101000000011000111101011000100010001101011111001101000001111010110011111010101010111100011011111100000101100111110101100010001000110101111100110100000111101011000111101010101011111001101011110000010110011111010110001000100011010111100011001
0000001010110110001100010000000000100001000010000000000000000000000010000100001000000000010001100011010010100000001100011110101100010001000110101111100110100000111111011001111101010101011110001101111110000010110011111010110001000100011010111110011010000011111101100011110101010101111100110101111000001011011111101011010100010001101011110001100
0000000101011011000110001000000000010000100001000000000001000000000001000010000100000000001000110001101001010000000111001111010110001000100011010111110011010000011111101100111110101010101111000110111111000001011001111101011000100010001101011111001101000001111110110001111010101010111110011011111100000101100111110101100010001000110101111000110
1000000010100101100011000100000000001000010000100000000000100000000000100001000010000000000100011000110110101000000011000111101011000100010001101011111001101000001111110110001111010101010111100011011111100000101100111110101100010001000110101111100110100000111111011000111101010101011111001101111110000010110011111010110001000100011010111100011
1100000001010010110001100010000000000100001000010000000000010000000000010000100001000000000010001100011010000100000001101011110101100010001000110101111100110100000111111011001111101010101011110001101111110000010110011111010110001000100011010111110011010000011111101100011110101010101111000110111111000001011001111101011000100010001101011110001
0110000000101001011000110001000000000010000100001000000000001000000000001000010000100000000001000110001101101010000000110001111010110001000100011010111110011010000011111101100111110101010101111000110111111000001011001111101011000100010001101011111001101000001111110110001111010101010111110011010111100000101100111110101100010001000110101111001
0011000000010101101100011000100000000001000010000100000000000100000000000100001000010000000000000011100110100001000000011000111101011000100010001101011111001101100001111110110011111010101010111100011011111100000101100111110101100010001000110101111100110100000111111011000111101010101011110001101011110000010110011111110110001000100011010111100
0001100000001010110111001100010000000000100001000010000000000010000000000010000100001000000000010001100111011110100000001100011110101100010001000110101111100110100000111111011001111101010101011110001101111110000010110011111010110001000100011010111110011010000011111101100011110101010101111100110111111000001011001111101011000100010001101011110
1000110000000101011011000110001000000000010000100001000000001001000000000001000010000100000000001000010001101001010000000110001111010110001000100011010111110011010000011111101100011110101010101111000110111111000001011001111101011000100010001101011110001101000001111110110001111010101010111110011011111100000101100111110101100010001000110101111
1100011000000010001100100011000100000000001000010000100000000000100000000000100001000010000000000100011000110100001000000011000111101011000100010001101011111001101000001111110110011111010101010111100011011111100000101100111110101100010001000110101111100110100000111111011000111101010101011111001101111110000010110011111010110001000100011010111
1110001100000001010010110001000010000000000100001000010000000000010000000000010000100001000000000010001100011011000100000001100011110101100010001000110101111100110100000111111011001111101010101011110001101111110000010110001111010110001000100011010111110011010000011111101100011110101010101111000110111111000001011001111101011000100010001101011
1111000110000000101011011000110001000000000010000100001000000000001000000000001000010000100000000001000110001101001010000000110001111010110001000100011010111110011010000011111101100111110101010101111000110111111000001011001111101011000100010001101011111001101000001111110110001111010101010111110011011111100000101100111110101100010001000110101
0111100011000000010101101100010000100000000001000010000100000000000100000000000100001000010000000000100011000110110001000000011000111101011000100010001101011111001101000001111110110011111010101010111100011011111100000101100111110101100010001000110101111100110100000111111011000111101010101011111001101111110000010110011111110110001000100011010
1011110001100000001010110110001100010000000000100001000010000000000010000000000010000100001000000000010000100011011010100000001100011110101100010001000110101111100110100000111111011000111101010101011110001101111110000010110011111010110001000100011010111110011010000011111101100011110101010101111100110101111000001011001111101011000100010001101
0101111000110000000101011011000110001000000000010000100001000000000001000000000001000010000100000000001000110001101001010000000110001111010110001000100011011111110011010000011111101100011110101010101111000110111111000001011001111101011000100010001101011111001101000001111110110001111010101010111110011011111100000101100111110101100010001000110
1010111100011000000010101101100011000100000000001000010000100000000000100000000000100001000010000000000100011000110100101000000011000111101011000100010001101011111001101000001111110110011111010101010111100011011111100000101100111110101100010001000110101111100110100000111111011000111101010101011111001101111110000010110011111010110001000100011
1101011110001100000001010110110001100010000000000100001000010000000000010000000000010000100001000000000010001100011011010100000001100011110101100010001000110101111100110100000111111011001111101010101011110001101111110000010110011111010110001000100011010111100011010000011111101100011110101010101111100110101111000001011001111101011000100010000
0110101111000110000000101011011000110001000000000010000100001000000000001000000000001000010000100000000001000110001101101010000000110001111010110001000100011011111111011010000011111101100111110101010101111000110111111000001011001111101011000100010001101011111001101000001111110110001111010101010111110011011111100000101100111111101100010001000
0011010111100011000000010101101100011000100000000001000010000100000000000100000000000100001000010000000000100011000110100101000000011000111101011000100010001101011111001101000001111110110011111010101010111100011011111100000101100111110101100010001000110101111100110100000111111011000111101010101011111001101111110000010110011111010110001000101
1001101011110001100000001000110110001100010000000000100001000010000000000010000000000010000100001000000000010001100111011010100000001100011110101100010001000110101111100110100000111111011001111101010101011110001101111110000010110011111010110001000100011010111110011010000011111101100011110101010101111000110111111000001011001111101011000100010
1000110101111000110000000101011011000100001000000000010000100001000000000001000000000001000010000100000000001000110001101101010000000110001111010110001000100011010111110011010000011111101100111110101010101111000110111111000001011001111101011000100010001101011111001101000001111110110001111010101010111110011010111100000101100111110101100010001
0100011010111100011000000010101101100011000100000000001000010000100000000000100000000000100001000010000000000100011000110100101000000011000111101011000100010001101011111001101000001111110110011111010101010111100011011111100000101100111110101100010001000110101111100110100000111111011000111101010101011111001101111110000010110011111010110001001
0010001101011110001100000001010110110001100010000000000100001000010000000010010000000000010000100001000000000010001100011011010100000001100011110101100010001000110111111100110100000111111011001111101010101011110001101111110000010110011111010110001000100011010111110011010000011111101100011110101010101111100110111111000001011001111111011000100
1001000110101111000110000000101011011000110001000000000010000100001000000000001000000000001000010000100000000001000110001101001010000000110001111010110001000100011010111110011010000011110101100111110101010101111000110111111000001011000111101011000100010001101011111001101000001111110110001111010101010111100011011111100000101100111110101100010
1000100011010111100011000000010001101100010000100000000001000010000100000000000100000000000100001000010000000000100011000110100001000000011000111101011000100010001101011111001101000001111110110011111010101010111100011011111100000101100111110101100010001000110101111100110100000111111011000111101010101011111001101111110000010110011111010110001
0100010001101011110011100000001011010110001100010000000000100001000010000000000010000000000010000100001000000000010001100011011010100000001110011110101100010001000110101111100110100000111111011001111101010101011110001101111110000010110011111010110001000100011010111110011010000011111101100011110101010101111100110101111000001011001111101011000
0010001000110101111000110000000101001011000110001000000000010000100001000000000001000000000001000010000100000000001000110001101001010000000110101111010110001000101011010111110011010000011111101100111110101010101111000110111111000001011001111101011000100010001101011111001101000001111110110001111010101010111110011011111100000101100111110101100
0001000100011010111101111000000010101101100011000100000000001000010000100000000000000000000000100001000010000000000100011000110100101000000011100111101011000100010001101011111001101000001111110110011111010101010111100011011111100000101100111110101100010001000110101111100110100000111111011000111101010101011111001101011110000010110011111010110
1000100010001101011110001100000001010110110001100010000000000100001000010000000000010000000000010000100001000000000010001100011011010100000001100011110101100010001000110101111100110100000111101011001111101010101011110001101111110000010110011111010110001000100011010111110011010000011111101100011110101010101111100110111111000001011001111101011
1100010001000110101111000110000000101011011000110001000000000010000100001000000000001000000000001000010000100000000001000110001101000010000000110001111010110001000100011010111110011010000011111101100011110101010101111000110111111000001011001111101011000100010001101011111001101000001111110110001111010101010111110011011111100000101100111110101
0110001000100011010111100111000000010101101100010000100000000001000010000100000000000100000000000100001000010000000000100011000110110001000000011000111101011000100010001101011111001101100001111110110011111010101010111100011011111100000101100111110101100010001000110101111100110100000111111011000111101010101011111001101111110000010110011111010
1011000100010001101011110001100000001010010110001100010000000000100001000010000000000010000000000010000100001000000000010001100011011010100000001100011110101100010001000110101111100110100000111111011001111101010101011110001101011110000010110001111010110001000100011010111110011010000011111101100011110101010101111100110111111000001011001111101
0101100010001000110101111000110000000101011011000110001000000000010000100001000000000001000000000001000010000100000000001000110001101111010000000110001111010110001000100011010111110011010000011111101100011110101010101111000110111111000001011001111101011000100010001101011111001101000001111010110001111010101010111100011011111100000101100111111
0010110001000100011010111100011000010010100101100010000000000000001000010000100000000000100000000000100001000010000000000100011000110110101000000011000111101011000100010001101011111001101000001111110110001111010101010111100011011111100000101100111110101100010001000110101111100110100000111111011000111101010101011111001101111110000010110011111
1101011000100010001101011110001100000001010110110001100010000000000100001000010000000000010000000000010000100001000000000010001100111011010100000001100011110101100010001000110101111100110100000111111011001111101010101011110001101111110000010110011111010110001000100011010111110011010000011111101100011110101010101111000110101111000001011011110
1110101100010001000110101111000110000000101011011000110001000000000010000100001000000000001000000000001000010000100000000001000110001101101010000000110001111010110001000100011010111110011010000011111101100011110101010101111000110111111000001011001111101011000100010001101011111001101000001111010110001111010101010111100011011111100000101100111
1111010110001000100011010111100011000000010101101100010000100000000001000010000100000000000100000000000100001000010000000000100011000110100101000000011000111101011000100010001101011111001101000001111010110011111010101010111100011011111100000101100111110101100010001000110101111100110100000111111011000111101010101011110001101111110000010110011
1111101011000100010001101011110001100000001010110110001100010000000000100001000010000000010010000000000010000100001000000000010000100011011010100000001100011110101100010001000110101111100110100000111111011001111101010101011110001101111110000010110011111010110001000100011010111110011010000011111101100011110101010101111100110111111000001011001
0111110101100010001000010101111000110000000101011011000110001000000000010000100001000000000001001000000001000010000100000000001000110001101111010000000110001111010110001000100011010111110011010000011111101100111110101010101111000110111111000001011001111101011000100010001101011111001101000001111110100001111010101010111110011011111100000101101
0011111010110001000100011010111100011000000010111101100011000100000000001000010000100000000000100000000000100001000010000000000100011000110100101000000011000111101011000100010001101011111001101000001111110110011111010101010111100011011111100000101100111110101100010001000110101111100110100000111111011000111101010101011111001101111110000010110
1001111101011000100010001101011110001100000001010110110001100010000000000100001000010000000000010000000000010000100001000000000010001100011011010100000001100011110101100010001000110101111100110100000111111011001111101010101011110001101111110000010110011111010110001000100011010111110011010000011110101100011110101010101110100110111111000001011
1100111110101100010001000110101111000110000000101001011000110001000000000010000100001000000000001000000000001000010000100000000001000010001101000010000000110001111010110001000100011010111110011010000011111101100011110101010101111000110111111000001011001111101011000100010001101011111001101000001111110110001111010101010111110011011111100000101
0110011111010110001000100011010111100011000000010101101100011000100000000001000010000100000000000100000000000100001000010000000000100011000110111101000000011000111101011000100010001101011111001101100001111110110001111010101010111100011011111100000101100111110101100010001000110101111100110100000111111011000111101010101011111001101111110000010
1011001111101011000100010001101011110001100000001010010110001100010000000000100001000010000000000010000000000010000100001000000000010001100011010010100000001100011110101100010001000110101111100110100000111111011001111101010101011110001101111110000010110011111010110001000100011010111100011010000011111101100011110101010101111100110101111000001
1101100111110101100010001000110101111000110000000101011011000110001000000000010000100001000000000001000000000001000010000100000000001000110001101001010010000110001111010110001000100011010111110011010000011111101100011110101010101111000110111111000001011001111101011000100010001101011111001101000001111010110001111010101010111110011010111100000
0010110011111010110001000100011010111100011000010010101101100011000101000000001000010000100000000000100000000000100001000010000000000100011000110100101000000011000111101011000100010001101111111001101000001111110110011111010101010111100011011111100000101100111110101100010001000110101111100110100000111111011000111101010101011111001101111110000
0001011001111101011000100010001101011110001100000001010010110001100010000000000100001000010000000000010000000000010000100001000000000010001100011010010100000001100011110101100010001000110101111100110110000111111011001111101010101011110001101111110000010110011111010110001000100011010111110011010000011111101100011110101010101111000110101111000
0000101110111110101100010001000110101111000110000000101111011000110001000000000010000100001000000001001000000000001000010000100000000001000110001101001010000000110001111010110001000100011010111111011010000011111101100111110101010101111000110111111000001011001111101011000100010001101011111001101000001111110110001111010101010111100011011111100
0000010110011111010110001000100011010111100011000000010101101100011000100000000001000010000100000000000100000000000100001000010000000000100011000110110101000000011000111101011000100010001101111111001101000001111010110011111010101010111100011011111100000101100111110101100010001000110101111100110100000111111011000111101010101011111001101111110
1000001011001111101011000100010001101011110001100000001010110110001000010000000000100001000010000000010010010000000010000100001000000000010001100011011010100000001100011110101100010001000110101111100110100000111111011001111101010101011110001101111110000010110011111010110001000100011010111110011010000011111101100011110101010101111000110111111
1100000101100111110101100010001000110101111000110000000101001011000110001000000000010000100001000000000001000000000001000010000100000000001000110001101001010000000110001111010110001000100011010111110011010000011111101100111110101010101111000110111111000001011001111101011000100010001101011111001101000001111110110001111010101010111110011011111
1110000010110011111010110001000100011010111100011000000010100101100011000100000000001000010000100000000000100000000000100001000010000000000100011000110100101000000011000111101011000100010001101011111001101000001111110110011111010101010111100011011111100000101100111110101100010001000110101111000110100000111111011000111101010101011111001101111
1111000001011001111101011000100010001101011110001100000001010110110001100010000000000100001000010000000000010000000000010000100001000000000010001100011010010100000001100011110101100010001000110101111100110100000111111011001111101010101011110001101111110000010110011111010110001000100011010111110011010000011111101100011110101010101111000110111
1111100000101100111110101100010001000110101111000110000000100111011000110001000000000010000100001000000000001000000000001000010000100000000001000110001101100010000000110001111010110001000100011010111110011010000011111101100111110101010101111000110111111000001011001111101011000100010001101011111001101000001111110110001111010101010111110011010
1111110000010110011110010110001000100011010111100011000000010101101100011000100000000001000010000100000000000000000000000100001000010000000000100011000110110100000000011000111101011000100010001101011111001101000001111110110011111010101010111100011011111100000101100111110101100010001000110101111100110100000111111011000111101010101011111001101
0111111000001011001111101011000100010001101011110001100000001011110110001100010000000000100001000010000000000010000000000010000100001000000000010001100011011010100000001100011110101100010001000110111111100110100000111111011001111101010101011110001101111110000010110011111010110001000100011010111110011010000011111101100011110101010101111100110
1010111100000101100111110101100010001000110101111000110000000101011011000110001000000000010000100001000000000001000000000001000010000100000000001000110001101100010000000110001111010110001000100011010111110011010000011111101100111110101010101111000110111111000001011001111101011000100010001101011111001101000001111110110001111010101010111110011
1101111110000010110011111010110001000100011010111100011000000010101101100011000100000000001000010000100000000000100000000000100001000010000000000100011000110100101000000011000111101011000100010001101011111001101000001111110110011111010101010111100011011111100000101100111110101100010001000110101111100110100000111111011000111101010101011111001
0110111111000001011001111101011000100010001101011110001100000001010110110001100010000000000100001000010000000000010000000000010000100001000000000010001100011011000100000001100011110101100010001000110101111100110100000111111011001111101010101011110001101111110000010110001111010110001000100011010111110011010000011111101100011110101010101111001
0011011111100000101100111110101100010001000110101111000110000000101011011000110001000000000010000100001000000000001000000000001000011000100000000001000010001101100010000000110001111010110001000100011010111110011010000011111101100111110101010101111000110111111000001011001111101011000100010001101011111001101000001111110110001111010101010111100
1001101111110000010110011111010110001000100011010111100011000000000101101100011000100000000001000010000100000000000100000000000100001000010000000000100001001110110101000000011000111101011000100010001101011111001101000001111110110001111010101010111100011011111100000101100111110101100010001000110101111100110100000111111011000111101010101011111
1100110111111000001011001111101011000100010001101011110001100001001010110110001100000000000000100001000010000000000010000000000010000100001000000000010001100011011010100000001100011110101100010001000110101111100110100000111111011001111101010101011110001101111110000010110011111010110001000100011010111110011010000011111101100011110101010101111
1110011011111100000101100111110101100010001000110101111000110000000101011011000110001000000000010000100001000000000000000000000001000010000100000000001000110001101101010000000110001111010110001000100011010111110011010000011111101100011110101010101111000110111111000001011001111101011000100010001101011111001101000001111110110001111010101010110
1111001101011110000010110011111010110001000100011010111100011000000010101101100011000100000000001000010000100000000000100000000000100001000010000000000100011000110110100000000011000111101011000100010001101011111001101000001111010110011111010101010111100011010111100000101100111110101100010001000110101111100110100000111111011000111101010101011
1111100110111111000001011001111101011000100010001101011110001100000001010110110001100010000000000100001000010000000000010000000000010000100001000000000010001100011010010100000001100011110101100010001000110101111100110100000111101011001111101010101011110001101111110000010110011111010110001000100011010111110011010000011111101100011110101010101
0111110011011111100000101100111110101100010001000110101111001110000000101111011000110001000000000010000100001000000000001000000000001000010000100000000001000110001101101010000000110001111010110001000100011010111110011010000011111101100111110101010101111000110111111000001011001111101011000100010001101011111001101000001111110110001111010101010
1011111001101111110000010110011111010110001000100011010111100011000000010101101100011000100000000001000010000100000000000100000000000100001000010000000000100011000110100101000000011000111101011000100010001101011111001101000001111110110001111010101010111100011010111100000101100011110101100010001000110101111000110100000111111011000111101010101
0101111000110111111000001011001111101011000100010001101011110001100000001010110110001100010000000000100001000010000000010000000000000010000100001000000000010000100011010010100000001100011110101100010001000110101111100110110000111111011001111101010101011110001101111110000010110011111010110001000100011010111110011010000011111101100011110101010
1010111110011011111100000101100111110101100010001000110101111000110000000101011011000110001000000000010000100001000000000001000000000001000010000100000000001000110001101101010000000110001111010110001000100011010111110011010000011110101100111110101010101111000110111111000001011001111101011000100010001101011111001101000001111110110001111010101
0101011111001101111110000110110011111010110001000100011010111100011000000010101101100011000100000000001000010000100000000000100000000000100001000010000000000100011000110100101000000011000111101011000100010101101011111001101000001111010110011111010101010111100011011111100000101100111110101100010001000110101111100110100000111111011000111101010
1010101111100110101111000001011001111111011000100010001101011110001100000001011110110001100010000000000100001000010000000000000000000000010000100001000000000010001100011011010100000001100011110001100010001000110101111100110100000111111011001111101010101011110001101111110000010110011111010110001000100011010111110011010000011111100100011110101
0101010111110011011111100000101101111110101100010001000110101111000110000000101001011000110001000000000010000100001000000000001000000000001000010000100000000001000110001101111010000100110001111010110001000100011010111110011010000011111101100111110101010101111000110101111000001011001111101011000100010001101011110001101000001111110110001111010
1010101011111001101011110000010110011111010110001000100011010111100011000000010101101100011000100000000001000010000100000000000100000000000100001000010000000000100011000110100001000000011000111101011000100010001101011111001101000001111110110011111010101010111100011011111100000101100111110101100010001000110101111100110100000111111011000111101
0101010101111100110111111000001011001111101011000100010001101011110001100000001010110110001100010000000000100001000010000000000010000000000010000100001000000000010000100011011010100000001100011110101100010001000110101111100110100000111111011001111101010101011110000101111110000010110011111010110001000100011010111110011010000011111101100011110
1010101010111100011011111100000101100111111101100010001000110101111000110000000101011011000110001000000000010000100001000000000001000000000001000010000100000000001000110001101001010000000110001111010110001000100011010111110011010000011111101100111110101010101111000110111111000001011001111101011000100010001101011111001101000001111110110001111
1101010101011110001101111110000010110011111110110001000100011010111100011000000010101101100011000100000000001000010000100000000000100000000000100001000010000000000100011000110111101000000011000111101011000100010001101011111001101000001111110110001111010101010111100011010111100000101100111110101100010001000110100111100110100000111111011000111
1110101010101111000110111111000001011001111101011000100010001101011110001100000001010010110001100010000000000100001000010000000000010000000000010000100001000000000010001100011011010100000001100011110101100010001000110101111100110100000111101011001111101010101011110001101111110000010110011111010110001000100011010111110011010000011111101100011
1111010101010111110011011111100000101100111110101100010001000110101111000110000000101011011000110001000000000010000100001000000000001000000000001000010000100000000001000110001101001010000000110001111010110001000100011010111110011010000011111101100111110101010101111000110111111000001011001111101011000100010001101011111001101000001111110110001
0111101010101011111001101011110000110110011111010110001000100011010111100011000000000101101100011000100000000001000010000100000000000100000000000100001000010000000000100011000110110101000000011000111101011000100010001101011111001101000001111110110011111010101010111100011011111100000101100111110101100010001000110101111100110100000111111011001
0011110101010101111100110111111000001011001111101011000100010001101011110001100000001010110110001100010000000000100001000010000000010010000000000010000100001000000000010001100011011010100000001100011110101100010001000110101111110110100000111101011000111101010101011110001101111110000010110011111010110001000100011010111110011010000011111101100
0001111010101010111110011011111100000101100111111101100010001000110101111000110000000101011011000100001000000000010000100001000000000001001000000001000010000100000000001000110001101101010000000110001111010110001000100011010111110011010000011111101100111110101010101111000110111111000001011001111101011000100010001101011111001101000001111110110
1000111101010101011111001101111110000010110011111010110001000100011010111100011000000010101101100011000000000000001000010000100000000000100000000000100001000010000000000100011000110110101000000011000111101011000100010001101011111001101000001111110110011111010101010111100011011111100000101100011110101100010001000110101111100110100000111111011
1100011110101010101111100110101111000001011001111101011000100010001101011110001100000001010110110001100010000000000100001000010000000000010000000000010000100001000000000010001100011011010100000001100011110101100010001000110101111100110100000111111011001111101010101011110001101111110000010110011111010110001000100011010111100011010000011111101
0110001111010101010111110011011111100000101101111110101100010001000110101111000110000000101111011000110001000000000010000100001000000000001000000000001000010000100000000001000110001101101010000000110001111010110001000100011011111110011010000011110101100111110101010101111000110111111000001011001111101011000100010001101011111001101000001111110
1011000111101010101011111001101111110000010110011111010110001000100011010111100011000000010100101100011000100000000001000010000100000000000100000000000100001000010000000000100011000110100101000000011000111101011000100010001101011111001101000001111110110011111010101010111100011011111100000101100111110101100010001000110101111100110100000111111
1101100011110101010101111100110101111000001011001111101011000100010001101011110001100000001000110110001100010000000000100001000010000000000010000000000010000100001000000000010001100011011000100000001100011110101100010001000110101111100110100000111111011001111101010101011110001101111110000010110011111010110001000100011010111110011010000011110
1110110001111010101010111110011011111100000101100111110101100010001000110101111000110000000101101011000110001000000000010000100001000000000001000000000001000011000100000000001000110001101001010000010110001111010110001000100011010111110011010000011111101100111110101010101111000110111111000001011000111001011000100010001101011111001101000001110
1111011000111101010101011111001101011110000110110011111010110001000100011010111100011000000010101101100011000100000000001000010000100000000000100000000000100001000010000000000100011000110111101000000011000111101011000100010001101011111001101000001111110110011111010101010111100011011111100000101100111110101100010001000110101111100110100000110
1111101100011110101010101111100110111111000001011001111101011000100010001101011110001100000001000110110001100010000000000100001000010000000000010000000000010000100001000000000010001100011011010100000001100011110101100010001000110101111100110100000111101011000111101010101011110001101111110000010110011111010110001000100011010111100011010000011
1111110110001111010101010111110011011111100000101100111110101100010001000110101111000110000000101011011000110001000000000010000100001000000000001000000000001000010000100000000001000010001101001010000000110001111010110001000100011010111110011010000011111101100111110101010101111000110111111000001011001111101011000100010001101011111001101000001
0111111011000111101010101011111001101111110000010110011111010110001000100011010111100011000000010001101100011000100000000001000010000100000000000100000000000100001000010000000000100011000110100101000000011100111101011000100010001101111111001101000001111010110001111010101010111100011011111100000101100111110101100010001000110101111100110100000
0011111101100011110101010101111100110111111000001011001111101011000100010001101011110011100001001010110110001100010000000000100001000010000000000010000000000010000100001000010000010011100011010010100000001100011110101100010001010110101111100110100000111111011000111101010101011110001101111110000010110011111010110001000100011010011110011010000
0001111110110001111010101010111110011011111100000101100111110101100010001000110101111000110000000101011011000110001000000000010000100001000000000001000000000001000010000100000000001000110001101001010000000110001111010110001000100011010111110011010000011111101100011110101010101111000110111111000001011001111101011000100010001101011111001101000
0000111111011000111101010101011111001101111110000010110111111010110001000100011010111100011000000010101101100011000100000000001000010000100000000000100000000000100001000010000000000100011000110111101000000011000111101011000100010001101011111001101000001111110110011111010101010111100011011111100000101100111110101100010001000110101111100110100
0000011111101100011110101010101111100110111111000001011001111101011000100010001101011110001100000001010110110001100010000000000100001000010000000000010000000000010000100001000000000010001100011011010100000001100011110101100010001000110101111100110100000111111011001111101010101011110001101111110000010110011111010110001000100011010111110011010
1000001111110110001111010101010111110011011111100000101100111110101100010001000110101111000110000000101011011000110001000000000010000100001000000000001000000000001000010000100000000001000010001101111010000000110001111010110001000100011010111110011010000011111101100101110101010101111000110111111000001011001111101011000100010001101011111001101
0100000111111011000111101010101011110001101111110000010110011111010110001000100011010111100111000000010100101110011000100000000001000010000100000000100100000000000100001000010000000000100001000110110101000000011000111101011000100010001101111111001101000001111110110011111010101010111100011011111100000101100111110101100010001000110101111100110
1010000011111101100011110101010101111100110111111000001011001111101011000100010001101011110001100000001000010110001100010000000000100001000010000000000010000000000010000100001000000000010001100011010010100000001100011110101100010001000110101111100110100000111101011001111101010101011110001101111110000010110001111010110001000100011010111110011
1101000001111110110001111010101010111110011011111100000101100111110101100010001000110101111000110000000101011011000110001000000000010000100001000000000001000000000001000010000100000000001000010001101101010000000110001111010110001000100011010111110011010000011111101100111110101010101111000110111111000001011001111101011000100010001101011111001
0110100000111111011000111101010101011111001101111110000010110011111010110001000100011010111100011000000010100101100011000100000000001000010000100000000100100000000000100001000010000000000100011000110100101000000011000111101011000100010001101011111001101000001111110110011111010101010111100011011111100000101100111110101100010001000110101111100
0011010000011111101100011110101010101111100110111111000001011001111111011000100010001101011110001100000001010110110001100010000000000100001000010000000010010010000000010000100001000000000010001100011011010100000001100011110101100010001000110101111100110100000111111011001111101010101011110001101111110000010110011111010110001000100011010111110
0001101000001111110110001111010101010111110011011111100000101100111110101100010001000110101111000110000100101011011000110001000000000010000100001000000000001000000000001000010000100000000001000010001101101010000000110001111010110001000100011011111110011010000011111101100111110101010101111000110111111000001011001111101011000100010001101011111
1100110100000111111011000111101010101011111001101111110000010110011111010110001000100011010111100011000000010101101100011000100000000001000010000100000000000100000000000100001000010000000000100011000110100101000000011000111101011000100010001101011111001101000001111110110001111010101010111100011011111100000101100111100101100010001000110101111
1110011010000011111101100011110101010101111100110101111000001011001111101011000100010001101011110011100000001011010110001100010000000000100001000010000000000010000000000010000100001000000000010001100011011010100000001100011110101100010001000110101111100110100000111111011000111101010101011110001101111110000010110001111010110001000100011010111
1111001101000001111110110001111010101010111110011011111100000101100111110101100010001000110101111000110000000100001011000110001000000000010000100001000000000001000000000001000010000100000000001000010001101111010000000110001111010110001000100011010111110011010000011111101100111110101010101111000100111111000001011001111101011000100010001101011
1111100110100000111111011000111101010101011110001101111110000110110011111010110001000100011010111100011000000010101101100011000100000000001000010000100000000000100000000000100001000010000000000100011000110100001000000011000111101011000100010001101011111001101000001111110110001111010101010111100011011111100000101100111110101100010001000110101
0111110011010000011110101100011110101010101111100110111111000001011001111101011000100010001100011110001100000001010110110001100010000000000100001000010000000000010000000000010000100001000000000010001100011011010100000001110011110101100010001000110111111100110100000111101011001111101010101011110001101111110000010110011111010110001000100011010
1011111001101000001111110110001111010101010111110011011111100000101100111110101100010001000110101111000110000000101001011000110001000000000010000100001000000000001000000000001000010000100000000001000110001101001010000000110001111010110001000100011010111110011010000011110101100111110101010101111000110111111000001011001111101011000100010001101
0101111100110100000111111011000111101010101011111001101111110000010110011111010110001000100011010111100011000000010100101100011000100000000001000010000100000000000100100000000100001000010000000000100011000110110101000000011000111101011000100010001101011111001101000001111110110001111010101010111100011011111100000101100111110101100010001000110
1010111110011010000011111101100011110101010101111000110111111000001011001111101011000100010001101011110001100000001010010110001100010000000000100001000010000000000010000000000010000100001000000000010001100011011010100000001100011110101100010001000110101111100110100000111101011001111101010101011110001101111110000010110011111010110001000100011
1101011111001101000001111110110001111010101010111110011011111100000101100111110101100010001000110101111000110000000100011011000110001000000000010000100001000000000001000000000001000010000100000000001000110001101101010000000110001111010110001000100011010111110011010000011111101100111110101010101111000110111111000001011001111101011000100010001
0110101111100110100000111111011000111101010101011111001101111110000010110011111010110001000100011010111100011000000010110101100011000100000000001000010000100000000000100000000000100001000010000000000100011000110110101000000011000111101011000100010001101011111001101000001111110110011111010101010111100011011111100000101100111110101100010001000
0011010111110011010000011111101100011110101010101111000110111111000001011001111101011000100010001101011110001100000001010010110001100010000000000100001000010000000000010000000000010000100001000000000010001100011010010100000001100011110101100010001000110101111110110100000111111011001111101010101011110001101111110000010110011111010110001000100
0001101011111001101000001111110110001111010101010111110011011111100000101100111110101100010001000110101111000110000000101011011000110001000000000010000100001000000000000000000000001000010000100000000001000110001101101010000000110001111010110001000100011010111110011010000011111101100111110101010101111000110111111000001011001111101011000100010
1000110101111100110100000111101011000111101010101011110001101111110000010110011111010110001000100011010111100011000000010100101100011000100000000001000010000100000000000100000000000100001000010000000000100011000110100101000000011000111101011000100010001101011111001101000001111110110001111010101010111100011011111100000101100111110101100010001
0100011010111110011010000011111101100011110101010101111100110111111000001011001111101011000100010001101011110001100000001010010110001100010000000000100001000010000000000010000000000010000100001000000000010001100011011010100000001100011110101100010001000110101111100110100000111111011000111101010101011110001101111110000010110011111010110001000
0010001100011110001101000001110110110010111010101000111100011010111100000101101111011101100010010010110101111001110010000101111011001110000000010010010100100001000000001001001000010000000010010100000000001001001101101011000000100111001111010100101100100011011101111011010000011110101110110110101010101111100110100011000001011001111101011000100
