00100011010111110011010000011111101100011110001010101111101110111011000001011000111001111010000010100101000100101100000001000010110011010000000010000100100000010000000010000000000000000000110101001010101010101100011011001100100101100011110100100010011000110111110100110110000111111011000111101010101011111001101111110000010110001111010110001001
00010001101011110001101000001111110110001111010101010111110011011111100000101101111110101100010001000110101111000110000000101101011000110001000000000010000100001000000000001000000000001000010000100001000001000110001101111010000000111001111010110001100100011010111110011010000011110101100111110101010101111000110101111000001011000111101011000100
10001000110101111100110100000111111011000111101010101011111001101111110000010110011111010110001000100011010111100011000000010001101110110000100000000001000010000100000000000100100000000100001000010000000000000011000110101001000000011000111101011000100010001101011111001101100001111010110001111010101010111100011011111100000101100111110101100011
01000100011010111110011010000011111101100011110101010101111000110111111000001011001111101011000100010001101011110001100000001010010110001100010000000000100001000010000000000010000000000010000100001000000000010001100011010000100000001100011110101100010001000110101111101110110000111111011001111101010101011110001101111110000010110011111010110000
00100010001101011111001101000001111110110001111010101010111100011011111100000101100111110101100010001000110101111000110000000101001011000110001000000000010000100001000000000001000000100001000010000100000000001000110011101000010000000110001111010110101000100011010111110011011000011111101100011110101010101111000110111111000001011001111101011000
00010001000110101111100110100000111111011000111101010101011111001101111110000010110011111110110001000100011010111100011000000010101101100011000100000000001000010000100000000000100100000000100001000010000000000000001000110100101000000011000111101011000100010001101011111001101000001111010110011111010101010111100011011111100000101100111110101100
10001000100011010111110011010000011111101100011110101010101111000110111111000001011001111101011000100010001101011110001100000001000010110001100010000100000100001000010000000010010010000000010000100001000000000010000100011010010100000001100011110101100010001000110101111000110100000111111011000111101010101011110001101011110000010110011111010111
11000100010001101011111001101000001111110110001111010101010111100011011111100000101100111110101100010001000110101111000110000000101001011000110001000000000010000100001000000000001001000000001000010000000000000001000010001101100010000000111001111010110001000100011010111110011010000011111101100011110101010101111000110111111000001011001111101011
01100010001000110101111100110100000111111011000111101010101011110001101111110000110110011111010110001000100011010111100011000000010100101100011000100000000001000010000100000000000100000000000100001000010000000000100001000110110101000000011000111101011000100010001101011111001101000001111110110001111010101010111100011011111100000101100111110101
10110001000100011010111110011010000011111101100011110101010101111000110111111000001011001111101011000100010001101011110001100000001001010110001000010000010000100001000010000000000010000000000010000100001000000000010001100011011000100000001100011110101100010001000110101111100110100000111111011000111101010101011110001101111110000010110011111011
01011000100010001101011111001101000001111110110001111010101010111100011011111100000101100111111101100010001000110101111000110000000101011011000110001000000000010000100001000000000001000000000001000010000100000000001000111001101000010000000110001111010110001000100011010111110011010000011110101100111110101010101111000110111111000001011001111101
10101100010001000110111111100110100000111111011000111101010101011110001101111110000010110011111010110001000100011010111100011000000010000101100011000100001000001000010000000000000000100000000000100001000010010000000100001000110101101000000011000111101011000100010001101011111001101000001111010110011111010101010111100011011111100000101100111111
11010110001000100011010111110011010000011111101100011110101010101111000110111111000001011001111111011000100010001101011110101100000001010010111001000010000000000101001000010000000010010010000000010000100001000001000000001100011010010100000001100011110101100010001000110101111100110100000111111011000111101010101011110001101111110000010110001111
11101011000100010001101011111001101000001111110110001111010101010111110011011111100001101100111110101100010001000110100111000110000000100011011001110001000000000010000100001000000000001000000000001000010000100000000001000110001101101010000000111001111010110001000100011010111110011010000011111101100011110101010101111000110111111000001011001110
11110101100010001000110101111100110100000111111011000111101010101011110001101111110000010110011111010110001000100011010111100011000000010100101100011000100000000001000010000100000000000100000000000100001000010000000000100001000110100101000000011000111101011000100010001101011111001101000001111110110001111010101010111100011011111100000101100111
11111010110001000100011010111110011010000011111101100011110101010101111000110111111000001011001111101011000100010001101011110001100000001010010111001100010000000000100001000010000000000010010000000010000100001000000000010001100011011110100000001100011100101100010001000110101111100110110000111111011000111101010101011110001101011110000010110011
00111101011000100010001101011111001101000001111110110001111010101010111100011011111100000101100111110101100010001000110101111000110000000100001011000110001000000000010000100001000000000001001000000001000010000100000000001000110001101101010000000110001111010110001000101011010111110011010000011110101100011110101010101111000110111111000001011000
00111110101100010001000110101111100110100000111111011000111101010101011110001101111110000110111011111010110001000100011010111100111000010010000101100010000100000000001000010000100000000000100001000000100001000010000000000100011000110100101000000011000111101011000100010001101011111001101000001111110110011111010101010111100011011111100000101100
10011111010110001000100011010111110011010000011111101100011110101010101111100110111111000001011001111101011000100010101101011110001100000001000010110001100010000000000100001000010000000000010000000000010000100001000000000010001100011011010100000001100011110101100010001000110101111100110100000111111011000111101010101011110001101111110000010110
11001111101011000100010001101011111001101000001111110110001111010101010111100011011111100000101100111110101100010001000110101111000110000000100001011000110001000010000010000100001000000000001000000010001000010000100000000000000010001101100010000000110001111010110001000100011010111110011010000011111101100111110101010101111000110111111000001011
01100111110101100010001000110101111100110100000111111011000111101010101011111001101111110000110110011111010110001000100011010111100011000000010001101100011000100000000001000110000100000000000100000000000100001000010000000000100011001110110101000000011000111101011000100010001101011111001101100001111110110001111010101010111100011011111100000101
10110011111110110001000100011010111110011010000011111101100011110101010101111100110111111000011011001111101011000100010001101011110001100000001010010110001100010000000100100001000010000000000010000000000010000100001000000000010001100011010010100000001100011110101100010001000110101111100110100000111111011001111101010101011110001101111110000010
01011001111101011000100010001101011111001101000001111110110001111010101010111100011011111100000101100111110101100010001000110101111000110000000101101011100110001000001000010000100001000000000001000000000001000010000100000000001000110011101010010000100110001111010110001000100011010111110011011000011111101100011110101010101111000110111111000000
00101100111110101100010001000110101111100110100000111111011000111101010101011111001101111110000010110011111110110101000100011010111100011000000010000101100010000100000000001000010000100000000000100100000000000001000010000100000000011000110110101000000011000111101011000100010001101111111001101000001111110110011111010101010111100011011111100000
00010110011111010110001000100011010111110011010000011111101100011110101010101111000110111111000001011001111101011000100010001101011110001100000001000010111001100010000000000100001000010000000000010000000000010000100001000000000010001100011010010100000001100011110101100010001000110101111100110100000111111011000111101010101011110001101111110001
00001011001111101011000100010001101011111001101000001111110110001111010101010111100011011111100001101100111110101100010001000110101111000110000000100011011000110001000000000010000100001000000000000000000000001000010000100000000001000110001101001010010000111001111010110001000100011010111110011011000011111101100111110101010101111000110111111001
00000101100111110101100010001000110101111100110100000111111011000111101010101011110001101111110000010110011111010110001000100011010111100011000000010111101100011000100001000001000010000100000000000000000000000100001000010000000000100001000110101001001000011000111101011010100010001101011111001101000001111110110001111010101010111100011011111100
10000010110011111010110001000100011010111110011010000011111101100011110101010101111000110111111000001011001111101011000100010001101011110001100000001010110111001100010000000000100001000010000000000010000000000010000100001000000000010000100011010000100000001100011110101100010001000110101111100110100000111101011001111101010101011110001101111111
11000001011001111101011000100010001101011111001101000001111110110001111010101010111100011011111100000101100111111101100010001000110101111000110000000101001011000110001000000000010000100001000000000001000000000001000010000100000000001000010001101001010010000110001111010110001000100011010111110011010000011111101100011110101010101111000110111111
11100000101100111110101100010001000110101111100110100000111111011000111101010101011110001101111110000010110011111010110001000100011010111100011000000010101101100010000100000000001000010000100000000000100000000000100001000010000000000100011001110100101000000011010111101011000100010001101011111001101000001111110110001111010101010111100011011100
11110000010110011111010110001000100011010111110011010000011111101100011110101010101111000110101111000001011001111101011000100010001101011110001100001001000110110001100010000000000100001000010000000000010000000000000000100001000000000010001100111011000100100001100011110101100010001000110101111100110100000111111011000111101010101011110001101111
11111000001011001111101011000100010001101011111001101000001111110110001111010101010111100011011111100000101100111110101100010001000110101111000110000000101001011000110001000001000110000100001000000000001000000000001000010000100000000001000010001101100010000000110001111010110001000100011010111110011010000011111101100111110101010101111000110110
11111100000101100111110101100010001000110101111100110100000111111011000111101010101011110001101111110000110110011111010110001000100011010111100011000000010100101100011000000000000001000010000100001000000000000000000100001000010000000000000011000110100101000000011000111100011000100010001101011111001101000001111110110001111010101010111100011011
01111110000010110011111010110001000100011010111110011010000011111101100011110101010101111100110111111000001011001111101011000100010001101011110001100000001011010110001100010000000000100001000010000000000010000000000010000100001100000000010001100011010010100000001110011110101100010001000110111111100110100000111111011000111101010101011110001100
10111111000001011001111101011000100010001101011111001101000001111110110001111010101010111100011011111100000101100111110101100010001000110101111000110000000101001011000110001000000000010000100001000000000001000000000001000010000100000000001000110001101000010000000110001111010110001000100011010111110011010000011111101100111110101010101111000111
11011111100000101100111110101100010001000110101111100110100000111111011000111101010101011110001101111110000010110011111010110001000100011010111100011000000010001101100011000100000000001000010000100000000000100000000000100001000010000000000000011001110110101000000011100111101011000100010001101011111001101000001111010110001111010101010111100010
01101111110000010110011111010110001000100011010111110011010000011111101100011110101010101111000110111111000001011001111101011000100010001101011110001100000001010110111001100010000000000100001000010000000010010000000000010000100001000000000010001100111011000100000001100011110101100010001000110101111100110100000111111011000111101010101011110001
00110111111000001011001111101011000100010001101011111001101000001111110110001111010101010111100011011111100001101100111110101100010001000110101111000110000000101011011000110001000000000010000100001000000000000001000000001000010000100000000001000110011101101010000000110001111010110001000100011011111110011010000011110101100011110101010101111001
00011011111100000101100111110101100010001000110101111100110100000111111011000111101010101011110001101111110000010110011111010110001000100011010111100111000000010100101100011000100000000001000010000100000000000100000000000100001000010000000000100001000110100101000010011100111101011000100010001101011111001101000001111110110011111010101010111110
10001101111110000010110011111010110001000100011010111110011010000011111101100011110101010101111000110111111000001011001111101011000100010001101111110001100000001010010110001100010000000000100001000000000000000010000000000010000100001000000000010001110011010000100000001100011110101100010001000110101111100110100000111111011001111101010101011110
11000110111111000001011001111101011000100010001101011111001101000001111110110001111010101010111100011011111100000101100111110101100010001000110101111000110000000101011011100110001000001000010000100001000000001000000000000001000010000100000000001000011001101000010010000110001111010110001000100011010111110011010000011110101100111110101010101111
11100011011111100000101100111110101100010001000110101111100110100000111111011000111101010101011110001101111110000010110011111010110001000100011010111100011000000010100101100111000000000100001000010000100000000000100000000000100001000010000000000100011000110110101000000011010111101011000100010001101011111001101000001111110110001111010101010110
11110001101111110000010110011111010110001000100011010111110011010000011111101100011110101010101111100110111111000011011001111101011000100010001101011110001100000001010010110001100010000000100100001000010000000000010010000000010000100001000000000010000100011010010100100001100011110101101010001000110101111100110100000111111011000111101010101000
01111000110111111000001011001111101011000100010001101011111001101000001111110110001111010101010111100011011111100000101100111111101100010001000110101111000110000000100001011000100101000001000110000100001000000000000001000000001000010000100000000001000111001101010010000000110001111010110001000110011010111110011010000011111101100011110101010100
00111100011011111100000101100111110101100010001000110101111100110100000111111011000111101010101011110001101111110000010110011111010110001000100011010111100011000000010000101100011000100000000001000010000100000000000100000010000000001000010000000000100011000110110001000000011000111101011000100110001101011111001101000001111110110001111010101010
01011110001101111110000010110011111010110001000100011010111110011010000011111101100011110101010101111000110111111000001011001111101011000100010001101011110011100001001010110110001000010000000000100001100010000000000010000000000010000100001000001000010001100011010010100000001100011110101100010001000110101111100110100001111111011000111101010100
10101111000110111111000001011001111101011000100010001101011111001101000001111110110001111010101010111110011011111100001101100111110101100010001000110101111000110000000100001011000100001000000000010000100001000000000000000000000001000010000100001000001000110001101001010000000110001111010110001000100011010111110011010000011111101100111110101010
01010111100011011111100000101100111110101100010001000110101111100110100000111111011000111101010101011111001101111110000110110011111010110001000100011010111100011000000010100101100011000100000000001000010000100000000000000000000000100001000010000000000100011000110110101000000011000111101011000100010001101011111001101000011111110110001111010100
10101011110001101111110000010110011111010110001000100011010111110011010000011111101100011110101010101111000110111111000001011001111101011000100010001101011110001100000001011110111001100010000000000100001000010000000000010000000000010000100001001000000010000100111010110100100001100011110101100010001000110101111100110100000111101011000111101011
01010101111000110111111000001011001111101011000100010001101011111001101000001111110110001111010101010111100011011111100000101110111110101100010001000110101111000110000000101001011100110001000000000010000100001000000000001000000000001000010000100001000001000110001101001010000000110001111010110001000100011010111110011011000011111101100111110100
10101010111100011011111100000101100111110101100010001000110101111100110100000111111011000111101010101011111001101111110000110110011111010110001000100011010111100011000000010000101100010000100000000001000010000100000000000000100000000100001000010010000000100011000110110101000000011000111101011000100010001101111111001101000001111010110011111010
01010101011110001101111110000010110011111010110001000100011010111110011010000011111101100011110101010101111000110111111000001011001111111011000100010001101011110001100000001011010110001100010000000000100001000010000000000010000000000010000100001000000000010000110011011010100000001100011110101100010001000110111111100110100000111111011000111100
10101010101111000110111111000001011001111101011000100010001101011111001101000001111110110001111010101010111100011011111100001101100111110101100010001000110101111000110000000101001011000110001000000000010000100001000000000000000000000001000010000110000000001000110001101000000000000110001111010110001000100011010111110011010000011111101100111111
11010101010111100011011111100000101100111110101100010001000110101111100110100000111111011000111101010101011110001101111110000010110011111110110001000100011011111100011000000010100101100011000100000000001000010000100000000000100000000000100001000010000000000100001000110100001000000011000111101011000100010001101011111001101000001111110110001111
11101010101011110001101111110000010110011111010110001000100011010111110011010000011111101100011110101010101111000110111111000001011001111101011000100010001101011110001100000001010010110001100010000000000100001000010000000000010000000000010000100001000000000010001100011011000100000001100011110101100010001000110101111100110110000111111011000110
11110101010101111000110111111000001011001111101011000100010001101011111001101000001111110110001111010101010111100011011111100001101100111110101100010001000110101111000110000000101001011000110001000001000010000100001000010000001000000000001000010000100000000001000110001101000010000000110001111010110001000100011011111110011011000011110101100001
11111010101010111100011011111100000101100111110101100010001000110101111100110100000111111011000111101010101011110001101111110000010110011111010110001000100011010111100011000000010000101100010000100000000001000110000100000000000000100000000100001000010000000000100001001110110001000000011000111101011000100010001101011111011101000001111110110011
01111101010101011110001101111110000010110011111010110001000100011010111110011010000011111101100011110101010101111000110111111000011011001111101011000100010001101011110001100000001010010110001000010000000000100001000010000000000010000000000010000100001000000000010001110011011010100000001100011110101100010001000110101111100110100000111111011001
10111110101010101111000110111111000001011001111101011000100010001101011111001101000001111110110001111010101010111110011011111100000101100111111101100010001000110101111000110000000100011011000100001000000000010000100000000000000001000000000000000010000100001000001000110011101100010000000110001111010110001000100011011111110011010000011111101100
10001111010101010111100011011111100000101100111110101100010001000110101111100110100000111111011000111101010101011110001101111110000010110011111010110001000100011010111100011000000010000101100111000100000000011000010000100000000000100000000000100001000010000000000100011000110110101000000011000111101011000100010001101011111001101000001111110111
11000111101010101011110001101111110000010110011111010110001000100011010111110011010000011111101100011110101010101111000110111111000001011001111101011000100010001101011110001100000001010110110001100010000000000100001000010000000000000000000000010000100001000000000000001100011010010100100001100011110101100010001000110101111100110100000111101011
01100111110101010101111000110111111000001011001111101011000100010001101011111001101000001111110110001111010101010111100011011111100000101100111110101100010001000110101111000110000000101101011000110001000000000010000100001000000000001000000000001000110000100001000001000110001101001010000000110001111010110001000100011010111110011010000011111100
10110001111010101010111100011011111100000101100111110101100010001000110101111100110100000111111011000111101010101011110001101111110000010110011111010110001000100011010111100011000000010100101110111000000000000001000010000100000000000100000000000100001000010000000000100011000110101101000000011000111111011000100010001101011111001101000001111110
11011000111101010101011110001101111110000010110011111010110001000100011010111110011010000011111101100011110101010101111000110111111000001011001111101011000100010001101011110001100000001011110110001000010000000000100001000010000000000010000001000010000100001000010000010001100011010000100001001100011110101100010001000110101111100110100000111111
11101100011110101010101111000110111111000001011001111101011000100010001101011111001101000001111110110001111010101010111100011011111100000101100111110101100010001000110101111000110000000101001011000110001000000000010000100001000000000001001000000001000011000100000000001000110001101100010000000111001111010110001000100011010111110011010000011110
01110110001111010101010111100011011111100000101100111110101100010001000110101111100110100000111111011000111101010101011111001101111110000010110011111010110001000100011010111100011000010010100101100010000100000000001000010001100000000000100100000000100001000010000100000000011000110100101000000011000111101011000100010001101011111001101000001111
11111011000111101010101011110001101111110000010110011111010110001000100011011111110011010000011111101100011110101010101111100110111111000001011001111111011000100010001101011110001100000001000010111001000010000000000100001000010000000000010000000000010000100001000000000010001100011010010100000001100011110101100010001000110101111100110100000110
11111101100011110101010101111000110111111000001011001111101011000100010001101011111001101000001111110110001111010101010111100011011111100000101100111110101100010001000110101111000110000000101001011100110001000000000010000100001000000001001001000000001000010000100000000000000110001101000010000000110001111010110001000100011010111110011011000010
01111110110001111010101010111100011011111100000101100111110101100010001000110101111100110100000111111011000111101010101011110001101111110000110111011111010110001000100011010111100011000000010000101100011000100000000001000010000100000000000100000000000100001000010000100000100011100110111101001000011001111101011000100010001101011111001101000000
00111111011001111101010101011110001101111110000010110011111010110001000100011010111110011010000011111101100011110101010101111000110111111000001011001111101011000100010101101011110001100000001010010110001000010000000000100001100010000000000000000000000010000100001000000000010001100011010010100100001100011110101100010001000110111111101110100000
00011111101100011110101010101111000110111111000001011001111101011000100010001101011111001101000001111110110001111010101010111110011011111100000101100111110101100010001000110101111001110000000100001011000110001000000000010000100001000000000001001000000001000010000100000100001000110001101111010010000110001111010110001000100011010111110011010000
00001111110110001111010101010111100011011111100000101100111110101100010001000110101111100110100000111111011000111101010101011111001101111110000010110011111110110001000100011010111100011000000010100101100011000100000000001000010000100000000000100000000000100001000010000000000101001001110101001000000011000111101011000100010001101011111001101100
00000111111011000111101010101011110001101111110000010110011111010110001000100011010111110011010000011111101100011110101010101111000110111111000001011001111101011000100010001101011110001100000001010010110001100010000000000100001000010000000000010010000000010000100001000100000000000100011010010100000001100011110101100010001000110101111100110100
10000011111101100011110101010101111000110111111000001011001111101011000100010001101011111001101000001111110110001111010101010111110011011111100000101100111110101100010001000110101111000110000000100001011001100001000000000010000100001000000000001000000000001000010000100000000001000110001101000010000000110001111010110001000100011010111110011011
01000001111110110011111010101010111100011011111100000101100111110101100010001000110101111100110100000111111011000111101010101011111001101111110000010110011111010110001000100011010111100011000000010101101100011000100000000001000010000100000000000100000000000100001000010000000000100011000110100101001000011000111101011000100010001101011111011100
10100000111111011000111101010101011110001101111110000010110011111010110001000100011010111110011010000011111101100011110101010101111100110111111000001011001111101011000100010001101011110001100001001000010110001000010000000000100001000010000000000000000000000010000100001100000000010001100011010000100000001100011110101100010001000110101111100110
11010000011111101100111110101010101111000110111111000001011001111111011000100010001101011111001101000001111110110001111010101010111100011011111100000101100111110101100010001000110101111010110000000101001011100110001000000000010000100001000000000001000000000001000010000100000000000000110001101000010000000110001111010110001000100011011111110011
01101000001111110110011111010101010111100011011111100000101100111110101100010001000110101111100110100000111111011000111101010101011111001101111110000010110011111010110001000100011010111100011000000010100101100010000100000000001000010000100000000000100000000000100001000010000000000100011000110101001000000011000111101011000100010001101111111000
00110100000111111011000111101010101011110001101111110000010110011111010110001000100011010111110011010000011111101100011110101010101111100110111111000001011001111101011000100010001101011110001100000001010010110001100010000000000100001000010000000000000000000000010000100101000000000010001100011010010100000001100011110101100010001000110101111110
01011010000011111101100111110101010101111000110111111000001011001111101011000100010001101011111001101000001111110110001111010101010111100011011111100000101100111110101100010001000110101111000110000000100001011001110001000000000010000100001000000000000000000000001000010000100000000001000110001101001010000000110001111010110001000100011010111111
11001101100001111110110001111010101010111100011011111100000101100111110101100010001000110101111100110100000111111011000111101010101011110001101111110000010110011111010110001000100011010111100011000000010100101100011000100000000001000010000100000000000100000000000100001100010000000000100011001110100101000000011000111101011000100010001101011110
11100110100000111111011000111101010101011110001101111110000010110011111010110001000100011010111110011010000011111101100011110101010101111000110111111000001011001111101011000100010001101011110001100000001011010110011100010000000000100001000010000000000000000000000000000100001000001000010000100011010010100000001100011110101100010001000110101111
11110011010000011111101100011110101010101111000110111111000001011001111101011000100010001101011111001101000001111110110001111010101010111100011011111100000101100111110101100010001000110111111000110000000101101011001110001000001000010000100000000000101000000000000001000010000100000000001000010001101010010000000110001111010110001000100011010110
01111001101000001111110110001111010101010111100011011111100000101100111110101100010001000110101111100110100000111111011000111101010101011111001101111110000010110011111010110001000100011010111100011000000010100101100010000100000000001000010000100000000000000100000000100001000010000010000100011000110110101000000011000111101011000100010001101011
01111100110100000111111011000111101010101011110001101111110000010110011111010110001000100011010111110011010000011111101100011110101010101111100110111111000011011001111111011000100010001101011110001100000001010010111001100010000000000100001000010000000000000010000000010000100001000000000010001100011010010100000001100011100101100010001000110100
10111110011011000011111101100011110101010101111000110111111000001011001111101011000100010001101011111001101000001111110110001111010101010111100011011111100000101100111110101100010001000110101111000110000000101001011000110000000000010010000100001000000000001000000000001000011000100000000001000110001101000010000000110001111010110001000100011010
11011111001101000001111110110001111010101010111100011011111100000101100111110101100010001000110101111100110100000111111011000111101010101011111001101111110000010110011111010110001000100011010111100011000000010110101100011000100000000001000010000100000000000000000000000000001000010000000000100011000110100001000000011000111101011000100010001101
10101111100110100000111111011000111101010101011110001101111110000010110011111010110001000100011010111110011010000011111101100011110101010101111000110111111000001011001111101011100100010001101011110001100000001010010110001000010000000000100001000010000000000010010000000010000100001000000000010001100111010010100000001100011100101100010001000110
11010111110011010000011111101100011110101010101111000110111111000001011001111101011000100010001101011111001101000001111110110001111010101010111110011011111100000101100111110101100010001000110101111001110000000101001011000110001000000000010000100001000000000001000000000001000010000100000000000000110001101010010000000110001111010110001000100010
01101111111001101100001111110110011111010101010111100011011111100000101100111110101100010001000110101111100110100000111111011000111101010101011110001101111110000010110011111110110001000100011010111100011000000010011101100010010100000000001000010000000000000000000000000000100001000010000000000100011000110110101000000011000111101011000100010000
10110101111100110100000111111011000111101010101011110001101111110000010110011111010110001000100011010111110011010000011111101100011110101010101111000110111111000001011001111111011000100010001101011110001100000001010010110001100010000000000100001000010000000000010000000100010000100001000010000000000100011011010100101001100011110101100010001000
00011010111110011010000011111101100011110101010101111000110111111000001011001111101011000100010001101011111001101000001111110110001111010101010111110011011111100000101100111111101100010001000110100111001110000000100101011000110001000000000010000100000000000000001000000000001000010000100001000001000110001101111010000010111001111010110001000100
00001101011111001101100001111110110001111010101010111100011011111100000101100111110101100010001000110101111100110100000111111011000111101010101011111001101111110000110110011111010110001000100011010111100011000000010100101100011000100001000001000010000100000000000100000000000100001000010001000000100001001110100101000000011000111101011000100010
01000110101111100110110000111101011000111101010101011110001101111110000010110011111010110001000100011010111110011010000011111101100011110101010101111000110111111000001011001111101011000100010001101011110001100000001010110110001100010000000000100001000010000000000010000000001010000100001000000000010001100011010010100000001100011110101100010000
00100011011111110111010000011111101100011110101010101111000110111111000001011001111101011000100010001101011111001101000001111110110001111010101010111110011011111100000101100111110101100010001000110101111000110000100101001011000110001000000000010000100000000000000001000000000001000010000100000000001000110011101001010000000110001111010110001000
00010001101011111001101000001111110110001111010101010111100011011111100000101100111110101100010001000110101111100110100000111111011000111101010101011110001101111110000010110011111010110001000100011010111100011010010010100101100011000100000000001000010000100000000000000000000000100001000010000100000100011100110101101000000011010111101011000100
10001000110111111100110100000111111011000111101010101011110001101111110000010110011111010110001000100011010111110011010000011111101100111110101010101111000110111111000001011001111101011000100010001101011110001100000001001110110011000010000000000100001000010000000010000000000000010000100001000000000010001100011010000100100001100011110101100010
01000100011010111110011011000011111101100011110101010101111000110111111000001011001111101011000100010001101011111001101000001111110110001111010101010111100011011111100001101100111111101100010001000110101111000110000000101001011100110000000000000010000100001000000001001001000000001000010000100000000001000111001101001010000000110001111010110000
10100010001101011111001101000001111110110011111010101010111100011011111100000101100111110101100010001000110101111100110100000111111011000111101010101011111001101111110000010110011111010110001000101011010111100011000000010110101100010000100000000001000010000100000000000000000000000100001000010000100000100011001110100101000000011000111101011001
00010001000110101111100110100000111111011000111101010101011110001101111110000010110011111010110001000100011010111110011010000011111101100011110101010101111000110111111000001011001111111011000100010001101011110001100000001010010111011100010000000000100001000010000000000010000000000010000100001000100000000001100011010010100000001100011110101100
00001000100011010111110011010000011111101100011110101010101111000110111111000001011001111101011000100010001101011111001101000001111110110001111010101010111100011011111100000101100111110101100010001000110101111000110000000100001011100110001000001010010000100001000000001001000000000001000010000100000000001000110001101101010000000110001111010110
11000100010001101011111001101000001111110110001111010101010111100011011111100000101100111110101100010001000110101111100110100000111111011000111101010101011110001101111110000110110011111010110001000100011010111100011000000010110101100011000100000000001000010000100000000100100000000000100001000010010000000100011000110100101000000011000111101010
01100010001000110101111100110100000111111011001111101010101011110001101111110000010110011111010110001000100011010111110011010000011111101100011110101010101111000110111111000001011001111101011000100010001101011110001100000001001010110001100010000000000100001000010000000000010010000000010000100001000000000010001110011011000100000001100011111100
10110001000100011010111110011010000011111101100111110101010101111000110111111000001011001111101011000100010001101011111001101000001111110110001111010101010111110011011111100000101100111110101100010001000110101111000110000000100001011000110001000000000010000100001000000000001000000000001000010000100000000001000110001101001010000000110001111011
01011000100010001101011111001101100001111110110001111010101010111100011011111100000101100111110101100010001000110101111100110100000111111011000111101010101011110001101111110000010110011111010110001000100011011111100011000000010100101110011000100000000001000010000100000000000100000000000100001000010000000000100011000110101101000000011000111110
00101100010001000110101111100110100000111111011000111101010101011110001101111110000010110011111010110001000100011010111110011010000011111101100011110101010101111000110111111000001011001111101011000100010001101011110001100000001010010110001100010000110000100001000010000000000010000000000010000100001000000000010000100011010000100000001100011111
01010110001000100011010111110011010000011111101100111110101010101111000110111111000001011001111101011000100010001101011111001101000001111110110001111010101010111100011011111100000101100111110101100010001000110101111000110000000101001011000110001000000000010000100001000000000001000000000001000010000100000000001000010001101001010000000111001111
11101011000100010001101111111001101000001111110110001111010101010111100011011111100000101100111110101100010001000110111111100110100000111111011000111101010101011110001101111110000010110011111010110001000100011010111100011000000010000101100011000100000000001000110000100000000000100000000000100001000010000000000100011000110110101000000011000110
01110101100010001000110101111100110100000111111011000111101010101011110001101111110000010110011111010110001000100011010111110011010000011111101100011110101010101111000110111111000001011001111101011000100010001101011110001100000001010010110001100000000000100100001000010000000010010000000000010000100001000000000010001100011010010100000001100010
01111010110001000100011010111110011011000011111101100011110101010101111000110111111000001011001111101011000100010001101011111001101000001111110110001111010101010111110011011111100000101100111110101100010001000110101111000110000000100101011000110001000001000010000100001000000000001000000000001000010000100000100001000110001101111010000000110010
10111101011000100010001101011111001101000001111110110001111010101010111100011011111100000101100111110101100010001000110101111100110100000111111011000111101010101011110001101111110000010110011111010110001000100011010111100011000000010100101100010000100000000001000010000100000000000000000000000100001000010000000000100011000110100101000000011001
00011110101100010001000110101111100110100000111111011000111101010101011110001101111110000010110011111010110001000100011010111110011010000011111101100011110101010101111100110111111000001011001111101011000100010001101011110001100000001000010110001100010000000000100001000010000000010010000000000010000100001000000000010000100111011010100000001110
10001111010110001000100011011111110011010000011111101100011110101010101111000110111111000001011001111101011000100010001101011111001101000001111110110001111010101010111100011011111100000101100111110101100010001000110101111000110000100100011011100110000000000000010000100001000000000001000000000001000010000100000000001000110001101111010000000110
11000111101011000100010101101011111001101000001111110110001111010101010111100011011111100000101100111110101100010001000110101111100110100000111111011000111101010101011110001101111110000010110011111010110001000100011010111101011000000010000101110011000100001000001000010000100000000000100000000000100001000010000000000000001000110110101000000010
01100011110101100010001000110101111100110110000111111011001111101010101011110001101111110000010110011111010110001000100011010111110011010000011111101100011110101010101111000110111111000001011001111111011000100010001101011110001100000001000110110001100010000000000100001000010000000010000000000000010000100001000000000010001100011010000100100000
00110001111010110001000100011010111110011010000011111101100011110101010101111000110111111000001011001111101011000100010001101011111001101000001111110110001111010101010111110011011111100001101100111110101100010001000110101111000110000000100001011000000001000000000010000100001000000000001010000000001000010000100000000001000110011101001010000011
00011000111101011010100010001101011111001101000001111110110001111010101010111100011011111100000101100111110101100010001000110101111100110100000111111011000111101010101011110001101111110000010110011111010110001000100011010111100011000000010100101100111000100000000001000110000100000000000000000000000100001100010000000000100011100110100001000000
00001100011110101100010001000110101111100110100000111111011000111101010101011110001101111110000010110011111110110001000100011011111110011010000011111101100011110101010101111100110111111000011011001111111011000100010001101111110001100000001001010110001100010000010000100001000010000000000010000000000010000100001000000000000000100011010000100000
00000110001110010110001000100011010111110011011000011111101100011110101010101111000110111111000001011001111101011000100010001101011111001101000001111110110001111010101010111110011011111100000101100111110101100010001000110101111000110000000101001011000110001000000000010100100001000000000001000000000001000010000100000000001000110001101001010000
00000011000111101011000100010001101011111001101100001111110110001111010101010111100011011111100000101100111110101100010001000110101111100110100000111111011000111101010101011111001101111110000110110011111010110001000100011010111100011000000010111101100010000100000000001000010000100000000000100000100000100001000010000000000100011000110100001000
00000001100011110101100010001000110101111100110100000111111011000111101010101011110001101111110000010110011111010110001000100011010111110011010000011111101100011110101010101111100110111111000001011001111101011000100010001101011110001100000001010010110001100010000000000100001000010000000000010000000000010000100001000000000010001100011011010101
10000000110001111010110001000100011010111110011010000011111101100111110101010101111000110111111000001011001111101011000100010001101011111001101000001111110110001111010101010111110011011111100000101100111111101100010001000110101111000110000000101001011000110001000000000010000100001000000000001000000000001000010000100000000001000110001101001010
01000000011010111101011000100010001101011111001101100001111110110011111010101010111100011011111100000101100111110101100010001000110101111100110100000111111011000111101010101011111001101111110000010110011111110110001000100011011111100011000000010110101100011000100000000001000010000100000000000100000000000100001000010000000000100011000110100100
00100000001100011110101100010001000110101111100110100000111111011000111101010101011110001101111110000010110011111010110001000100011010111110011010000011111101100011110101010101111000110111111000001011001111101011000100010001101011110001100000001011110110001100010000000100100001000010000000000010000000000010000100001000000000010000100011010010
01010000000110001111010110001000100011010111110011011000011111101100011110101010101111000110111111000001011001111101011000100010001101011111001101000001111110110001111010101010111110011011111100000101100111110101100010001000110101111000110000000100001011000110001000000000010000100001000000100001000000000001000010000100000000001000110001101011
01001000000011000111101011000100010001101011111001101000001111110110001111010101010111100011011111100000101100111110101100010001000110101111100110100000111111011000111101010101011111001101111110000010110011111110110001000100011010111100011000000010101101100011000100000000001000010000100000000000100000000000100001000010000000000100011000110101
10010100000001100011110101100010001000110101111101110100000111111011001111101010101011110001101111110000010110011111010110001000100011010111110011010000011111101100011110101010101111100110111111000001011001111111011000100010001101011110001100000001010010110001100010000000000100001000010000000000010000000000010000100001000000000010001100011011
01101010000000110001111010110001000100011011111110011011000011111101100111110101010101111000110111111000001011001111111011000100010001101011111001101000001111110110001111010101010111110011011111100001101100111111101100010001000110101111000110000000101001011000110001000000000010000100001000000000001000000000001000010000100000000001000110001100
10100101000000011100111101011000100010001101011111001101000001111110110001111010101010111100011011111100000101100111110101100010001000100101111100110100000111111011000111101010101011111001101111110000010110011111010110001000100011010111100011000010010100101100011000100000000001000010000100000000000100000000000100001000010000010000100011000110
11010000100000001100011110101100010001000110101111100110110000111111011001111101010101011110001101111110000010110011111010110001000100011010111110011010000011111101100011110101010101111000110111111000001011100111111011000100010001101011110001100000001011110110001100010000000000100001000010000000000010000000000010000100001000000000010001100010
01101101010000000110001111010110001000100011010111110011010000011111101100111110101010101111000110111111000001011001111101011000100010001101011111001101000001111110110001111010101010111110011011111100000101100111110101100010001000110101111000110000000101001011000110001000000000010000100001000000001001000000000001000010000100000000001000110000
00110100101000000011000111101011000100010001101011111001101000001111110110011111010101010111100011011111100000101100111110101100010001000110101111100110100000111111011000111101010101011111001101111110000010110011111010110001000100011010111100011000000010100101100011000000000010001000011000100000000000100100000000100001000010000000000100011001
10111010000100000001100011110101100010001000110101111100110100000111111011000111101010101011110001101111110000010110011111010110001000100011010111110011010000011111101100011110101010101111000110111111000001011001111101011000100010001101011110001100000001011010110001100110000000000100001000010000000000000000000000010001110001000010000010001100
10001101011010000000110001111010110001000100011010111110011010000011111101100111110101010101111000110111111000001011001111101011000100010001101011111001101000001111110110001111010101010111100011011111100000101100111110101100010001000110101111001110010000100001011000100001000000000010000100001000000000001001000000001000010000100000000001000110
01100110100001000000011000111101011000100010001101011111001101000001111110110011111010101010111110011011111100000101100111110101100010001000110101111100110100000111111011000111101010101011110001101111110000010110011111110110001000100011010111100011000000010000101100011000100000000001000010000100000000000000000000000000001000010000000000100011
11100011011010100100001100011110101100010001000110111111100110100000111111011000111101010101011110001101111110000010110011111010010001000100011010111110011010000011111101100011110101010101111000110111111000011011101111101011000100010001101011110001100001000000010110001100010000000001100001000010000000000010000000000010000100001000000000010001
00010001101000010000000110001111010110001000100011010111110011010000011111101100011110101010101111000110111111000001011001111101011000100010001101011111001101000001111110110001111010101010111100011011111100000101100111110101100010001000110101111000110000000100001011001110001000001000010000100001000000001000000000100001000010000100000000001000
00011000110100101000000011000111101011000100010001101111111001101000001111110110001111010101010111100011011111100000101100111110101100010001000110101111100110100000111111011000111101010101011110001101111110000010110011111010110001000101011010111110011000000010001101100111000100001000001000010000100000000000100000000000100001000010000000000100
00001100011011010100000001100011110101100010001000110101111100110100000111111011000111101010101011110001101111110000010110011111010110001000100011010111110011010000011111101100011110101010101111000110111111000001011001111101011000100010001101011110001100000001000110111101100000000000000100001000010000000010000000000000010000100001001000000010
01000110001101000010000000110001111010110001000100011010111110011010000011111101100111110101010101111000110111111000001011001111101011000100010001101011111001101000001111110110001111010101010111100011011111100001101100111111101100010001000110101111000110000000101011011000100001000000000010000100001000000000001000000000001000011000100000000000
00100011000110100001000000011000111101011000100010001101011111001101100001111110110011111010101010111100011011111100000101100111110101100010001000110101111100110100000111111011000111101010101011110001101111110000110110011111110110001000101011010111100011000000010101101100011000100000000001000010000100000000000100000000000100001000010000000001
00010001100011010000100000001100011110101100010001000110101111100110100000111111011000111101010101011110001101111110000010110011111010110001000100011010111110011010000011111101100011110101010101111100110111111000001011001111101011000100010001101011110011100000001000110010001000010000000000100001000010000000000010000100000010000100001000000001
00001000110011101000010000000110001111010110001000100011011111110011010000011111101100111110101010101111000110111111000001011001111101011000100010001101011111001101000001111110110001111010101010111100011011111100000101100111110101100010001000110101111000110000100101001011000110001000000000010000100001000000000001000000000001000010000100000000
00000100001000110100001000000011000111111011000100010001101011111001101000001111110110001111010101010111100011011111100000101100111110101100010001000110101111100110100000111111011000111101010101011111001101111110000010110011111010110001000100011010111100011000000010101101100011000100000000001000010000100000000000100100000000100001000010000111
10000010001100011010010100000001100011110101100010001000110101111100110100000111111011001111101010101011110001101111110000010110011111010110001000100011010111110011010000011111101100011110101010101111000110111111000001011001111111011000100010001101011110001100000001010110110001000010000000000100001000010000000000000010000000010000100001000000
00000001000111011101101010000000110001111010110001000100011010111110111010000011111101100011110101010101111000110111111000001011001111101011000100010001101011111001101000001111110110001111010101010111100011011111100000101100111110101100010001000110101111000110000100100001011100110000000000000010000100000000000000001000000000001000010000100000
00000000100001000110101001000000011000111101011000100010001101011111001101000001111110110001111010101010111100011011111100000101100111110101100010001000110101111100110100000111111011000111101010101011111001101011110000110110011111010110001000100011010111100011000010010101101100011000100000100001000010000100000000000100000000000100001000010001
00000000010001100011010000100000001100011110101100010001000110101111100110100000111111011001111101010101011110001101111110000010110011111010110001000100011010111110011010000011111101100011110101010101111100110111111000001011001111101011000100010001101011110001100000001010110111001100010000100000100001000010000000000010000000000010000100001000
00000000001000110001101000010010000110001111010110001000100011010111110011010000011111101100111110101010101111000110111111000001011001111101011000100010001101011111001101000001111110110001111010101010111100011011111100000101100111110101100010001000110101111000110000000100001011000100001000001000010000100001000100000001000000000001000010000111
10000010000100011000110100101000000011100111101011000100010001101011111001101000001111110110001111010101010111100011011111100000101100111110101100010001000110101111100110100000111111011000111101010101011110001101111110000010110011111010110001000100011010111100011000000010100101100010000100000000001000010000000000000000000000000000100001000010
01000000000010001100011011110100000001100011110101100010001000110111111100110100000111111011001111101010101011110001101111110000010110011111010110001000100011010111110011010000011111101100011110101010101111000110111111000001011101111101011000100010001101011110001100000001000010110001100010000010000100001000010000000000010000000000010000100000
00100000000001000010001101101010000000110001111010110001000100011010111110011010000011111101100011110101010101111000110111111000001011001111101011000100010001101011111001101000001111110110001111010101010111100011011111100001101100111110101100010001000110101111000110000000100001011000110001000000000010000100000000000000001000000000001000010011
10010000000000100011001110110101000000011000111101011000100010001101011111001101000001111110110001111010101010111100011011111100000101100111110101100010001000110101111100110100000111111011000111101010101011110001101111110000010110011111010110001000100011010111100011000000010100101100010000100000000001000010000100000000000100100001000100001000
00001000010000010001100011010000100000001100011110101100010001000110101111100110100000111111011000111101010101011110001101111110000010110011111010110001000100011010111110011010000011111101100011110101010101111100110111111000001011001111101011000100010001101011110001100101001010010110001000010000000000100001000010000000000000000001000000000100
00000100000100001000110011101101010000000110001111010110001000100011010111110011010000011111101100111110101010101111000110111111000001011001111101011000100010001101011111001101000001111110110001111010101010111110011011111100001101100111111101100010001000110101111000110000000101011011000100001000000000010000100001000000000001000000000001000010
01000010000000000100011000110110101000000011000111101011000100010001101111111001101000001111110110001111010101010111100011011111100000101100111110101100010001000110101111100110100000111111011000111101010101011111001101111110000010110011111010110001000100011010111100011000000010100101100011000100000000001000010000100000000000100100000000100000
00100001000000000010001100011010010100000001110011110101100010001000110101111100110110000111111011000111101010101011110001101111110000010110011111010110001000100011010111110011010000011111101100011110101010101111000110111111000001011001111101011000100010001101011110001100000001010010110001100010000000000100001000010000000000010000000000010001
00010000100000000001000010011101011010000000110001111110110001000100011010111110011010000011111101100011110101010101111000110111111000001011001111101011000100010001101011111001101000001111110110001111010101010111110011011111100000101100111110101100010001000110101111000110000000101001011000110001000000000010000100001000000000001000000000001001
00001000010000000000100011000110100001000000011000111101011000100010001101011111001101000001111110110001111010101010111100011011111100000101100111110101100010001000110101111100110100000111111011000111101010101011110001101111110000010110011111010110001000100011010111100111000000010101101110011000100001100001000010000100000000000100000000000100
10000100001000000000010001100011010010100000001100011110101100010001000110101111100110100000111111011001111101010101011110001101111110000010110011111010110001000100011010111110011010000011111101100011110101010101111100110111111000001011001111101011000100010001101011110001100000001010110110001100010000000100100001000010000000000010000000000000
01000010000100000000001000110001101101010000000110001111010110001000100011010111110011010000011111101100011110101010101111000110111111000001011001111101011000100010001101011111001101000001111110110001111010101010111110011011111100000101100111110101100010001000110101111100110000000100001011000110001000000000010000100000000000000001001000000000
00100001000010000000000100011000110110101000000011000111101011000100010001101011111001101000001111110110001111010101010111100011011111100000101100111110101100010001000110101111100110100000111111011000111101010101011111001101111110000010110011111010110001000100011010111100111000000010000101110011000100000000001000110000100000000000100000001001
00010000100001000001000010001100011011010100000001100011110101100010001000110101111100110100000111111011000111101010101011110001101111110000010110011111010110001000100011010111110011010000011111101100011110101010101111000110111111000011011101111101011010100010001101011010001100100001010010110001000010000000000100001000010000000000000000000001
00001000010010100000000001000010001101001010010000110001111010110001000100011010111110011010000011111101100011110101010101111000110111111000001011001111101011000100010001101011111001101000001111110110001111010101010111100011011111100000101100111110101100010001000110101111001110000000101001011000110001000000000010000100000000000001001000000001
00000100001000010000000000100011000110100101000000011000111101011000100010001101011111001101100001111110110001111010101010111100011011111100000101100111110101100010001000110101111100110100000111111011000111101010101011110001101111110000110110011111010110001000100011010011100011000000010101101110011000100000000001000010000100000000000000000001
00000010000100001000000000010001100011011010100000001100011110101100010001000110101111100110100000111111011001111101010101011110001101111110000010110011111010110001000100011010111110011010000011111101100011110101010101111000110101111000011011001111101011000100010001101011110001100000001001010110001100010000000000100001000010000100000000000001
00000001000010000100001000001000110011101000010000000110001111010110001000100011010111110011010000011111101100011110101010101111000110111111000001011001111101011000100010001101011111001101000001111110110001111010101010111100011011111100000101100111111101100010001010110001111000110000000101011011100110001000000000010000100001000000000001001001
00000000100001000010010000000100011000110100001000000011000111101011010100010001101011111001101000001111110110011111010101010111100011011111100000101100111110101100010001000110101111100110100000111111011000111101010101011111001101111110000010110011111010110001000100011010111100011000000010001101100011000100000000001000010000100000000000000000
10000000010000100001000000000010001100011010010100000001100011110101100010001000110111111100110100000111111011000111101010101011110001101111110000010110011111010110001000100011010111110011010000011111101100011110101010101111000110101111000001011001111101011000100010001101011110001100000001010010110001000010000000000100001000000000000010000001
00000000001000010000100000100001000110001101000010000000110001111010110001000100011010111110011011000011111101100011110101010101111000110111111000001011001111101011000100010001101011111001101000001111110110001111010101010111110011011111100000101100111110101100010001000010101111000110000000101011011000100001000000000010000100001000000000001001
00000000000000001000010000000000000011001110110101000000011000111101011000100010001101011111001101000001111110110001111010101010111100011011111100000101100111110101100010001000110101111100110100000111111011000111101010101011110001101111110000010110011111110110001000100011010111101011000000010111101110011000100000000001000010000000000000000110
00000000000010000100001000000000010001100011010010100000001100011110101100010001000110101111100110100000111111011001111101010101011110001101111110000010110011111010110001000100011010111110011010000011111101100011110101010101111000110111111000011011001111101011000100010101101011110001100001001001010110001100010000010000100001000010000000000010
01000000000001000010000100000000001000110001101011010000000110001111010110001000100011010111110011010000011111101100011110101010101111000110111111000001011001111101011000100010001101011111001101000001111110110001111010101010111100011011111100000101100111110101100010001010110101111000110000000100101011100110001000000000010000100001000000000000
00100000000000100001100010000000000100011100110110001000000011000111101011000100010001101111111001101100001111110110011111010101010111100011011111100000101100111110101100010001000110101111100110100000111111011000111101010101011110001101011110000110110111111010110001000000011000111100011000000010000101100011000100000000001000010000100000000001
00010010000000010000100001000000000010001100011010010100000001100011110101100010001000110111111100110100000111111011001111101010101011110001101111110000010110011111010110001000100011010111110011010000011111101100011110101010101111000110111111000001011001111101011000100010001101011110001100000001010010110001000010000000000100001000010000000010
00001000000000001000010000100001000001000110001101011010000000110001111010110001000100011011111110011010000011111101100111110101010101111000110111111000001011001111101011000100010001101011111001101000001111110110001111010101010111110011011111100000101100111110101100010001000110101111000110000000101111011000110001000000000010000100000000000000
00100100000000000100001000010000000000100011000110100101000000011000111101011000100010011101011111001101000001111110110011111010101010111100011011111100000101100111110101100010001000110101111100110100000111111011000111101010101011111001101111110000010110011111010110001000100011010111100011000000010100101100011000100000000001000010000100000000
00000010000000000010000100001000000000010000100011010010100000001100011110101100010001000110101111100110100000111111011001111101010101011110001101111110000010110011111010110001000100011010111110011010000011111101100011110101010101111000110111111000001011001111101011000100010001101011110001100000001000010110001100010000010000100001000010001101
00000001000000000001000010000100000000001000110011101001010000000110001111010110001000100011010111110011010000011111101100111110101010101111000110111111000001011001111101011000100010001101011111001101000001111110110001111010101010111100011011111100001101100111110101100110001000110101111000110000000100001011000110001000001000010000100001000000
00000100100000000000100001000011000000000001001001110100001000000011000111101011000100010001101011111001101000001111110110001111010101010111100011011111100000101100111110101100010001000110101111100110100000111101011000111101010101011111001101111110000010110011111010110101000100011010111100011000000010100101110011000100000000001000010000000010
00000010010010000000010000100001000000000010000100011010010100000001100011110101100010001000110101111100110100000111111011001111101010101011110001101111110000010110011111010110001000100011010111110011010000011111101100011110101010101111000110111111000001011001111101011000100010001101011110011100000001000010110001100010000000000100001000010000
00000001001000000000001000010000100000000001000110001101000010000000111001111010110001000100011011111110011010000011111101100111110101010101111000110111111000001011001111101011000100010001101011111001101000001111110110001111010101010111100011011111100000101100111110101100010001000110101111000110000000101011011000100001000000000010000100000001
00001000000100000000000100001000010000000000100011000110100001000000011000111101011000100010001101011111001101000001111110110011111010101010111100011011111100000101100111110101100010001000110101111100110100000111111011000111101010101011110001101111110000010110011111010010001000100011010111100111000000010001101100011000100000000001000010000101
00000000000010000000000010000100001000000000010001100011011010100100001100011110101100010001000110111111100110100000111111011001111101010101011110001101111110000010110011111010110001000100011010111110011010000011111101100011110101010101111000110101111000001011001111101011010100010001101011110001100000001010010110001100010000000000100001000010
01000000000001000000000001000010000100001000001000010001101001010000000110001111010110001000100011010111110011010000011111101100111110101010101111000110111111000001011001111101011000100010001101011111001101000001111110110001111010101010111100011011111100001101100111110101100010001000110101111000110000000101001011000110001000000000010000100001
00100000000000100000000000100001000010000100000100011000110111101000000011000111101011000100010001101011111001101000001111110110001111010101010111100011011111100000101100111110101100010001000110101111100110100000111111011000111101010101011110001101111110000010110011111010110001000100011010111100011000000010100101100011000100000000001000010001
00010000000010010000000000010000100001000000000010001100011010010100000001101011111101100010001000110101111100110100000111111011001111101010101011110001101111110000010110011111010110001000100011010111110011010000011110101100011110101010101111000110111111000001011001111111011000100010001101011110001100000001010010110001100010000010000100001000
00001000000000001000000000001000010000100001000001000110001101011010000000110001111010110001000100011010111110011011000011111101100111110101010101111000110111111000001011001111101011000100010001101011111001101000001111110110001111010101010111100011011111100000101100111110101100010001000110101111000110000000100001011000110001000000000010000101
10000100000000000100000000000100001000010010000000100011000110110101000000011000111101011000100010001101011111001101000001111110110001111010101010111100011011111100000101100111110101100010001000110101111100110100000111111011000111101010101011111001101011110000010110011111010110001000100011010111100011000000010100101100010000100000000001000001
11000010000000010010000000000010000100001000000000010001100011010000100000001100011110101100010001000110101111100110110000111111011000111101010101011110001101111110000010110011111010110001000100011010111110011010000011111101100011110101010101111000110111111000001011001111101011000100010001101011110001100000001010110110011100000000000000100001
00100001000000001001000000000001000010000100000000001000010001101001010000000110001111010110001000100011010111110011010000011111101100011110101010101111000110111111000001011001111101011000100010001101011111001101000001111110110001111010101010111110011011111100000101100111110101100010001000110101111000110000000100001011100110001000000000010010
10010000100000000000100000000000100001000011000000000100001100110100001000000011000111101011000100010001101011111001101100001111110110001111010101010111100011011111100000101100111110101100010001000110101111100110100000111101011000111101010101011110001101011110000110111111111010110001000100011010111101011000000010011101100011000000000000001000
00001000010000000000010000000000010000100001000000000010000100111010010100000001100011110101100010001000110101111100110100000111111011000111101010101011110001101111110000010110011111010110001000100011010111110011010000011111101100011110101010101111100110111111000001011001111101011000100010001101011110001100000001011010110001100010000000000100
10000100001000000100001000000000001000010000100000000001000110001101000010010000110001111010110001000100011010111110011010000011111101100011110101010101111000110111111000001011001111101011000100010001101011111001101000001111110110001111010101010111100011010111100000101100111110101100010001000110101111000110000000001001011000100001000000000011
01000010000100000000000100000000000100001000010000000000100011100110100101000000011000111101011000100010001101011111001101000001111110110001111010101010111100011011111100000101100111110101100010001000110101111000110100000111111011000111101010101011110001101011110000010110111111010110001000100011010111100011000000010100101100011000100000101001
00100001000010000000000010000000000010000100001000000000010001100011010010100000001100011110101100010001000110101111100110100000111111011000111101010101011110001101111110000010110011111010110001000100011010111110011010000011111101100011110101010101111100110111111000001011001111111011000100010001101011110001100000001010010110001000010000000000
10010000100001000000000000000000100001000010000100000000001000110011101000010000000110001110010110101000100011010111110011010000011111101100011110101010101111000110111111000001011001111101011000100010001101011111001101000001111110110001111010101010111110011011111100000101100111110101100010001000110101111000110000000101001011100100001000000011
00001000010000100000000100000000000000100001000010000000000100001001110100101000000011000111101011000100010001101011111001101000001111110110011111010101010111100011011111100000101100111110101100010001000110101111100110100000111111011000111101010101011110001101111110000010110011111010110001000100011010111100011000000010010101100011000100000001
10000100001000010001000000010000000000000000100001000000000010001100011010000100000001100011110101100010001000110111111100110100000111111011000111101010101011110001101111110000010110011111010110001000100011010111110011010000011111101100011110101010101111100110111111000001011001111101011000100010001101011110001100000001010110110011000010000000
01000010000100001000000000001000000000001000010000100001000001000010001101101010000000111001111010110001000100011010111110011011000011111101100111110101010101111000110111111000001011001111101011000100010001101011111001101000001111110110001111010101010111110011010111110000101100111110101100010001000110101111000110000000101101011000110001000000
10000000000010000100000000000100000000000100011000010000000000000001000110100101000000011000111101011000100010001101011111001101000001111110110001111010101010111100011011111100000101100111110101100010001000110101111100110100000111111011000111101010101011110001101111110000110111011111110110001000100011010111100011000010000100101100011000100000
00000000100001000010000000000010000000000010000100001000000000010001100011010010100000001100011110101100010001000110111111100110100000111111011000111101010101011110001101111110000010110011111010110001000100011010111110011010000011111101100011110101010101111100110111111000001011001111101011000100010001101011110001100000001010010110011100010000
10000000010000100001000000000001000000000001000010000100000000001000110001101000010000000111001111010110001000100011010111110011010000011111101100111110101010101111000110111111000001011001111101011000100010001101011111001101000001111110110001111010101010111110011011111100000101100111110101100011001000110101111000110000100100011011000100001001
00000000001000010000100000000000000000000000100001000010000000000100001000110100101000000011000111101011000100010001101011111001101000001111110110011111010101010111100011011111100000101100111110101100010001000110101111100110100000111111011000111101010101011111001101111110000010110111111010110001000100011010111100011000000010100101110011000101
10000000000100001000010000000000010010000000010000100001000000000010001100011010010100000001100011110101100010001000110101111100110100000111111011000111101010101011110001101111110000010110011111010110001000100011010111110011010000011111101100011110101010101111100110101011000001011001111101011000100010001101011110001100000001010010110001000001
01000000000010000100001000000000001000000000001000010000100000000001000111001101011010000000110001111010110001000100011011111110011010000011111101100011110101010101111000110111111000001011001111101011000100010001101011111001101000001111110110001111010101010111100011011111100000101100111111101100010001000110101111000110000000101001011000110001
10000000000001000010000000000000000100000000000100001000010000000000100011001110101101000000011000111101011000100010001101111111011101000001111110110001111010101010111100011011111100000101100111110101100010001000110101111100110100000111111011000111101010101011110001101011110000010110011111010110001000100011010111100011001010010010101100010001
00010000000100100001000010000000000010000000000010000100001100000000010000100011010010100000001100011110101100010001000110101111100110110000111111011000111101010101011110001101111110000010110011111010110001000100011010111110011010000011111101100011110101010101111000110011111000001011011111001011000100010101100011110101100000001000010110001101
10001000000000010000100001000000000000001000000001000010000100000000001000110001101001010000000110001111110110001000100011010111100011010000011111101100011110101010101111000110111111000001011001111101011000100010001101011111001101000001111110110001111010101010111110011010111100000101100111110101100010001000110100111000110000100100001011000110
11000000000000001000010000100000000000100000000000100001100010000000000100001000110100101000000011000111101011000100010001101111111001101000001111010110011111010101010111100011011111100000101100011110101100010001000110101111000110100000111111011000111101010101011111001101111110000010110011111010110001000100011010111100011000000010101101100011
01100010000000000100001000010000000000010000000000010000100001000000000010001100011010110100000101100011110101100010001000110111111100110100000111111011001111101010101011110001101011110000010110011111010110001000100011010111110011010000011111101100011110101010101111000010111111000001011001111101011000100010001101011110001100001001010110110001
00110001000010000010000100001000000001000000000000001000010000100000000001000011001101001010000000110001111010110001000100011011111110011011000011111101100111110101010101111000110111111000001011001111101011000100010001101011111001101000001111010110001111010101010111100011011111100000101100111111101100010001000110101111000110000000101011011100
00011000100000000001000010000100000000000100000000000100001000010000000000100011000110100001001000011000111101011000100010001101011111011101100001111110110001111010101010111100011011111100000101100111110101100010001000110101111100110100000111111011000111101010101011110001101111110000010110011111010110001000101011010111100011000000010101101100
10001000010000000000100001000000000000000010000000000010000100001000000000010001110011010110100100001100011110101100010001000110111111100110100000111111011001111101010101011110001101111110000010110011111010110001000100011010111110011010000011111101100011110101010101111000110111111000011011001111101011000100010001101011110001100000001011110110
11000100001000000000010000100001000000000000000000000001000010000100000000001000111011101100010000000110001111010110001000100011010111110011010000011111101100011110101010101111000110111111000001011001111101011000100010001101011111001101000001111110110001111010101010111100011010111100000101100111110101100010001000110101111000110000000100001011
01100010000100000000001000010000100000000000100000000000100001000010000000000100011000110101101000000011000111101011000100010001101011111001101000001111110110011111010101010111100011011111100000101100111110101100010001000110111111100110100000111111011000111101010101011110001101111110000010110011111110110001000100011010111100011000000010100101
10111001000000000000000100001000010000000010010000000000010000100001000000000010001100011010010100000001100011110101100010001000110101111100110100000111111011001111101010101011110001101111110000010110011111010110001000100011010111110011010000011111101100011110101010101111000110111111000001011001111101011000100010001100011110001100000001010101
11011000110001000000000010000100001000000001000000000000000000010000100000000001000010001101001010000000110001111010110001000100011010111110011010000011111101100111110101010101111000110101111000001011001111101011000100010001101011111001101000001111110110001111010101010111110011010111100000101100111111101100010001000110101111000110000000100011
01101100011000100000000001000010000100000000000000000000000100001000010000000000100011000110110101000000011000111101011000100010001101111111001101100001111110110001111010101010111100011011111100000101100111110101100010001000110101111100110100000111111011000111101010101011110001101011110000110110011111010110001000100011010111100011000000010010
01010110001000010000000000100001000010000000000010000001000010000100001000000000010001100011010000100000001100011110101100010001000110101111100110100000111111011000111101010101011110001101111110000010110011111010110001000100011010111110011010000011111101100011110101010001111000110101111000001011001111111011000100010001101011110001100000001011
11101011001110001000000000010000100001000000000001000000000001000010000100000000001000110001101011010000000110001111010110001000100011010111110011010000011111101100011110101010101111000110111111000001011001111101011000100010001101011111001101000001111110110001111010101010111110011011111100000101100111110101100010001000110101111000110000100100
10000101100011000100000100001000010000100000000000000000000000100001000010000000000100001000110110101000000011000111111011000100010001101011111001101000001111110110001111010101010111100011011111100000101100111110101100010001000110101111000110100000011101011000111101011101011111001101011110000110110011111010110001000100011010111100011000010011
01000010110001000010000000000100001000010000100000010000000000010000100001000000000010001100011010110100000001100011110101100010001000110101111100110100000111111011000111101010101011110001101011110000010110011111010110001000100011010111110011010000011111101100011110101010101111000110101111100011011001111101011000100010001101011110001100100000
00100001011000110000000000000010000100001000000000000000000000001100010000100000000000000010001101000010000000110101111010110001000100011011111110011011000011111101100111110101010101111000110111111000001011001111101011000100010001101011111001101000001111110110001111010101010111100011011111100001101100111110101100010001010110101111100110000001
10010101101100011000100000000001000010000100000000100100000000000100011000010000000000100011000110100101000000011000111101011000100010001101111111001101000001111110110001111010101010111100011011111100000101100011110101100010001000110101111100110100000111101011000111101010101011110001101111110000010110011111010110001000100011010111100011000000
00001010110110001100010000000000100001000010000000000010000000000010000100001000000000010101100011010100100000001100011110101100010001000110101111100110100000111111011001111101010101011110001101111110000010110011111110110001000100011010111110011010000011111101100011110101010101111100110111111000001011001111101011000100010001101011110001100001
00000100011011000110001000000000010000100001000000000001000000000001000010000100001000001000110001101010010000000110001111110110001000100011010111110011011000011111101100011110101010101111000110111111000001011001111101011000100010001101011111001101000001111110110001111010101010111100011011111100000101100111110101100010001000110101111001110000
10000010100101100010000000000000011000010000000000000000000000000000100001000010000000000100011001110100101000000011000111101011000100010001101011111011101000001111110110001111010101010111100011011111100000101100111110101100010001000110101111100110100000111111011000111101010101011110001101111110000110110011111010110001000100011010111100011001
00000001000010110001100010000000000100001000010000000000010000000000010000100001000000000010001110011010010100000001100011110101100010001000110111111100110100000111101011000111101010101011110001101111110000010110011111010110001000100011010111110011010000011111101100011110101010101111100110111111000001011001111101011000100010001101011110001101
10000000100101011000110001000000000010000100001000000000001000000000001000010000100000000001000110011101001010000000110001111010110001000100011010111110011010000011111101100011110101010101111000110111111000001011001111101011000100010001101011110001101000001111010110001111010101010111110011010111100000101100111110101100010001000110101111000111
11000000010101101100011000100000000001000010000100000000100100000000000100001000010000000000100001001110100001001000011000111101011000100010001101011111001101000001111110110001111010101010111100011011111100000101100111110101100010001000110101111100110100000111111011000111101010101011110001101111110000010110011111010110001000100011010111100011
01100000001010010110001100010000000000100001000010000000000000000000000010000100001001000000010001110011010010100000001100011110101100010001000110101111100110100000111101011001111101010101011110001101111110000010110011111010110001000100011010111110011010000011111101100111110101010101111000110111111000001011001111101011000100010001101011110010
01110000000101011011100110001000000000010000100001000000000001000000000001000010000100000000001000010001101000010000000110001111010110001000100011010111110011010000011111101100111110101010101111000110111111000001011001111101011000100010001101011111001101000001111110110001111010101010111100011011111100000101100111110101101010001000110101111000
00011000000010111101100011000100000000001000010000100000000000100000000000100001000010000000000100011000110101101000000011000111101011000100010001101011111001101000001111110110001111010101010111100011011111100000101100111110101100010001000110101111100110100000111111011000111101010101011110001101011110000010110011111110110001000100011010111110
10001100000001010010111001000010000000000100001000010000000000010000000000010000100001000000000010001100111010000100000001100011110101100010001000110101111100110110000111111011000111101010101011110001101111110000010110011111010110001000100011010111110011010000011110101100011110101010101111000110111111000011011001111101011000100010001101011101
11000110000000101011011000100001000000000010000100001000000000001001000000001000010000100000100000000110001101000010000000110001111010110101000100011010111110011010000011111101100111110101010101111000110111111000001011001111101011000100010001101011111001101000001111010110001111010101010111100011011111100000101100111111101100010001000110101111
11100011000000010101101100010000000000000001000010000100000000000100000000000100001000010000000000100011000110100001000000011000111101011000100010001101011111001101100001111010110001111010101010111100011011111100000101100011110101100010001000110101111100110100000111111011000111101010101011111001101011110000010110011111110110001000100011010110
11110001100000001010110110001100010000000000100001000010000000000010000000000010000100001000000000010001100011011000100000001100011110101100010001000110101111100110110000111111011000111101010101011110001101111110000010110011111010110001000100011010111100011010000011111101100011110101010101111000110101111000001011001111101011000100010001101011
01111001110000000100001011000110001000000000010000100001000000001001000000000001000010000100000000001000110001101000010000000110001111010110101000100011011111110011010000011111101100011110101010101111000110111111000001011001111101011000100010001101011111001101000001111110110001111010101010111100011010111100000101100111110101100010001000110101
10111100011000000010100101100010000000000000001000010000100000000100100000000000100001000010000000000100011000110110101000000011000111101011000100010001101011111011101000001111110110001111010101010111100011011111100000101100111110101100010001000110101111100110100000111101011000111101010101011111001101011110000010110011111010110001000100011011
01011110001100000001011110110001100010000000000100001000010000000000000000000000010000100001000000000010001100011010000100000001100011110101100010001000110101111100110100000111111011000111101010101011110001101111110000010110011111010110001000100011010111110011010000011111101100011110101010101111100110111111000001011001111101011000100010001111
00101111000110000000100001011100110001000000000010000100000000010001001000000000000000010000100000000001000110001101011010000000110001111010110001000100011010111110011010000011111101100011110101010101111000110111111000001011001111101011000100010001101011111001101000001111010110001111010101010111110011011111100000101110111110101100010001000111
11010111100011000000010100101110011000100000000001000010000100000000000100000000000100001000010000000000100011001110100101000000011000111101011000100010001101011111001101000001111110110001111010101010111100011010111100000101100111110101100010001000110101111100110100000111101011000111101010101011110001101111110000010110011111010110001000100011
01101011110001100000001010010110001100010000000000100001000010000000000010000000000010000100001000000000010001100111010110100000001100011110101100010001000110101111100110110000111111011000111101010101011110001101111110000010110011111010110001000100011010111100011010000011111101100011110101010101111000110111111000011011101111111011000100010010
00110101111001110000000101101011000110001000011010010000100001000000001001000000000001000010000100001000001000010001101101010000000111001111010110001000100011010111110011010000011111101100111110101010101111000110111111000001011000111101011000100010001101011111001101000001111010110001111010101010111110011010111100000101100111110101100010001010
00011010111100011000000010000101100011000100000000001000010000100000000000100000000000100001000010000000000100011000110100101000000011000111101011000100010001101011111001101100001111110110001111010101010111100011011111100000101100111110101100010001000110101111100110100000111111011000111101010101011110001101111111000010110011111010110001000110
10001101011110001100000001000010110001000010000000101100001000010000000010000000000000010000100001001000000000001100011010110100100001100111110101100010001000110101111100110100000111101011001111101010101011110001101111110000010110011111010110001000100011010111100011010000011110101100011110101010101111000110111111000001011001111101011000100010
01000110101111000110000000101011011100110001000001000010000100001000000000001000000000001000010000100000000001000110001101010010000000110001111010110001000100011010111110011010000011111101100011110101010101111000110111111000001011001111101011000100010001101011111001101000001111010110001111010101010111110011011111100001101100111110101100010000
01101011010111100011001000010101101110010000100000000001000011000100000000000100001000000000001000010000010000100010100110110101000000011000111101011000100010001101011111001101000001111110110011111010101010111100011011111000000101100111110101100010001000110101111100110100000101111001000111101010101011110001101011110000000110111111110110001011
10010001101011110001100001001000010111011100010000000000100001000010000000000000000000000010000100001000010000010000100011010010100001001100011110101100010001000110101111100110100000111111011000111101010101011110001101111110000010110011111010110001000100011010111110011010000011110101100011110101010101111000110111111000001011001111101011000100
10001000110101111000110000100100001011001100001000000000010000100001000000000000001000000000000010000100000000000000110001101101010000000110001111010110001000100011011111110011011000011111101100011110101010101111000110111111000001011001111101011000100010001101011111001101000001111110110001111010101010111110011011111100000101100111111101100001
01000100011010111100011000000010100101100011000100000000001000010000100000000000100000000000100001000010000000000100011000110100101000000011000111101011000100010001101011111101101000001111010110011111010101010111100011011111100000101100111110101100010001000110101111100110100000111111011000111101010101011110001101011110000010110011111110110011
00100010001101001110001100001001010110110001100010000000000100001000010000000000000000000000010000100001000000000010001100011010010100000001110011110101100010001010110101111100110100000111111011001111101010101011110001101011110000010110001111010110001000100011010111110011010000011111101100011110101010101111000110111111000011011001111111011000
00010001000110101111000110000000100011011001110001000000000010001100001000000000000000000000000000010000100001000001000010001101011010010000110001111010110001000100011010111110011010000011111101100011110101010101111000110111111000001011001111101011000100010001101011111001101000001111110110001111010101010111110011011111100000101100111110101110
10001000100011010111100011000010010101101100011000100000000001000010000100000000000000000000000100001000010010000000100011000110110101000000011000111101011000100010001101111111001101000001111010110011111010101010111100011011111100000101100111110101100010001000110101111000110100000111111011000111101010101011110001101111110000010110011111010111
11000100010001101011110001100000001000010110001100010000000000100001000010000000000000000000000010000100001000000000010001100011010010100000001100011110101100010001000110101111100110100000111111011001111101010101011110001101011110000010110011111010110001000100011010111110011010000011111101100011110101010101111000110101111000001011101111101011
01100010001000110101111001110000000101001011000100001000001000010000100001000000000001000000000001000010000100000100001000110001101010000000000110001111010110001000100011010111110011011000011110101100011110101010101111000110111111000001011001111101011000100010001101011111011101000001111110110001111010101010111100011010111100000101101111110111
10110001000100011010111100011000000010100101100011000100000000001000010000100000000100000000000000100001000010000000000100011000110100001000000011000111101011000100010001101011111001101000001111010110011111010101010111100011011111100000101100111110101100010001000110101111100110100000111111011000111101010101011111001101111110000010110011111011
11011000100010001101011110001100000001000110110001100010000000000100001000010000000010010000000000010000100001000000000010001100011010000100000001100011110101100010001000110101111100110100000111111011001111101010101011110001101111110000010110001111010110001000100011010111110011010000011111101100011110101010101111100110111111000001011001111101
10101100010001000110101111000110000000100001011000100001000001000010000100001000000000001000000000001000010000100000000001000110001101000010000000110001111010110001000100011010111110011010000011111101100111110101010101111000110111111000001011001111101011000100010001101011111001101000001111110110001111010101010111100011011111100000101100111110
11010110001000100011010111100011000000010100101110011000100000000001000010000100000000000000000000000100001100010000000000100011000110100001001000011000111101011000100010001101011111001101000001111110110011111010101010111100011010111100000101100111110101100010001000110101111100110100000111111011000111101010101011111001101011110000110110011111
11101011000100010001101011110101100000001011110110011000010000010000100001000010000000010010000000000010000100001000010000010001100011010000100000001100011110101100010001000110101111100110100000111111011000111101010101011110001101111110000010110001111010110001000100011010111100011010000011111101100011110101010101111100110101111000001011001110
01110101100010001000110101111000110000000100001011000110001000000000010000100001000000000001000000000001000010000100000000001000110001101101010000000110001111010110001000100011010111110011010000011110101100011110101010101111000110111111000001011001111101011000100010001101011111001101000001111110110001111010101010111100011011111100000101100111
11111010110001000100011010111100011000000010000101100011000100000100001000010000100000000000100000000000100001000010000000000100011000110110101001000011000111101011000100010001101011111001101100001111110110001111010101010111100011011111100000101100111110101100010001000110101111100110100000111111011000111101010101011110001101011110000010110011
01111101011000100010001101011110011100101001010110110001000000000000000100001000000000000000010010000000010000100001000000000010001100011011000100100001100011110101101010001000110101111100110100000111111011001111101010101011110001101111110000010110011111010110001000100011010111110011010000011111101100011110101010101111000110101111000001011010
00111110101100010001000110101111000110000000101001011000110001000000000010000100001000000000001001000000001000010000100000000001000110001101101010000000110001111010110001000100011010111110011010000011111101100111110101010101111000110101111000001011001111101011000100010001101011111001101000001111110110001111010101010111100011010111100001101100
10011111010110001000100011010111100111000010010110101100011000100000100001000010000100000000000000000000000100001000010000000000100011000110110101000000011000111101011000100010001101011111001101000001111110110001111010101010111100011010111100000101100111110101100010001000110101111000110100000111111011000111101010101011100001101011110000010110
11001111101011000100010001101011110001100000001010110110011100010000000000100001000010000000000000000000000010000100001000000000010000100011010010100000001100011110101100010001000110101111100110100001111101011000111101010101011110001101111110000010110011111010110001000100011010111110011010000011111101100011110101010101111000110111111000001011
01110111110101101010001000110101111000110000000101011011100110001000000000010000100001000000000001001000000001000010000100000000001000111011101100010000000110001111010110001000100011010111110111010000011111101100011110101110101111000110111111000001011001111101011000100010001101011111001101000001111110110001111010101010111100011011111100000100
10110001111010110001000100011010111100111000000010100101100011000000001010011010110000000010000000000100000000100001101010010000000010011110100110101000010011101101000010010000011101001011111101101000001101000100001111000101010111110011011111100000101100011110101100010001000110101111000110100000111111011000111101010101011111011101111110010010
11011001111101011000100010101101011110001100000001010010111001100010000000000100001000010000000000010000000000010000100001000000000010001100011010010100000001100011110101101010001000110111111100110100000111111011000111101010101011110001101011110000010110011111010110001000100011010111110011010000011111101100011110101010101111000110111111000000
00101100111110101100010001000110001111000110000000100011011000110000000000000010000100001000000001001000000000001000010000100000000001000110001101100010010000110001111010110001000100011010111110011010000011110101100011110101010101111000110111111000001011001111101011000100010001101011111001101000001111110110001111010101010111110011011111100001
00110110011111010110001000100011010111100011000010010000101100011000100000000001000010000100000000000100000000000100001000010000000000100011000110110101000000011100111101011000100010001101011111101101100001111110110001111010101010111100011010111100000101100111110101100010001000110101111100110100000111111011000111101010101011110001101111110000
00011011001111101011000100010001101011110101100000000000110110001100010000000000100001000010000000000010000000000010000100001000000000010000100011010000100000001100011110101100010001010110101111100110100000111111011001111101010101011110001101011110000010111011111010110001000100011010111110011010000011111101100011110101010101111100110111111000
00001101100111110101100010001000110101111000110000000100011011000110001000000000010001100001010000000001000000000001000010000100000000001000110001101000010000000111001111010110001000100011010111110011010000011111101100011110101010101111000110111111000001011001111101011000100010001101011111001101000001111110110001111010101010111110011011111100
10000010110011111010110001000100011010111100011000000010001101100011000100000000001000010000100000000000100000000000100001000010000000000100001001110100101000000011000111101011000100010001101011111001101000001111110110001111010101010111100011010111100000101100111110101100010001000110101111100110100000111101011000111101010101011110001101111111
11000001011001111101011000100010001101011110001100000001010110110001100000000000000100001000010000000010010010000000010000100001000100000000001100011010010100000001100011110001100010001000110101111100110100000111111011001111101010101011110001101111010000010110001111010110001000100011010111110011010000011111101100011110101010101111100110111111
11100000101100111110101100010001000110101111000110000000100001011000110101000000000010000100001000000000001000000000001000010000100000000001000110011101001010000000110001111010110001000100011010111110111010000011110101100111110101010101111000110101111000001011001111101011000100010001101011111001101000001111110110001111010101010111100011011100
11110000010110011111010110001000100011010111100011000000010100101100111000100000000001000010000100000000000100000000000100001000010000000000100001000110100101000010011000111101011000100010001101011111001101000001111110110001111010101010111100011010111100000101100111110101100010001000110101111100110100000111101011000111101010101011110001101111
11111000001011001111101011000100010001101011110001100000001010010110001000010000000000100001000010000000000010010000000010000100001000000000010001100011011010100000001100011110101100010001000110111111100110100000111111011000111101010101011110001101111110000010110011111010110001000100011010111110011010000011111101100011110101010101111000110110
10111100000101100111110101100010001000110101111000110000000101101011000100000000010000010000100001000000000001000000000001000010000100001100001000110001101001010000000110101111010110001000100011010111110011010000011110101100011110101010101111000110101111000001011001111101011000100010001101011111001101000001111110110001111010101010111100011011
01011110000010110011111110110001000100011010111100011000000010101101100011000100000000001000010000100000000000000000000000100001000010000000000100011000110100101000000011000111101011000100010001101011111101101000001111010110011111010101010111100011011111100000101100011110101100010001000110101111100110100000111111011001111101010101011110001101
10111111000001011001111101011000100010001101011110001100000001000010110001100010000100000100001000010000000000010010000000010000100001000000000010000100011010010100000001100011110101100010001000110101111100110100000111101011000111101010101011110001001111110000010110011111010110001000100011010111110011010000011111101100011110101010101111000111
11011111100000101100111110101100010001000110101111000110000000100001011100110001000000000010000100001000000000001000000000001000010000110000000000000010001101100010000000110001111010110001000100011010111110011010000011111101100011110101010101111000110111111000001011001111101011000100010001101011111001101000001111110110001111010101010111110011
01101011110000010110011111010110001000100011010111100011000010010100101100011000100000000001000010000100000000000100000000000100001000010000000000100011000110110001000000011000111101011000100010001101111111001101000001111010110011111010101010111100011011111100000101100011110101100010001000110101111100110100000111111011000111101010101011110011
00110111111000011011001111101011000100010001101011110001100000001010110110001100010000000000100001000010000000000000000000000010000100001000000000010001100011010010100000001100011110101100010001000110101111110110110000111101011001111101010101011110001101111110000010110011111010110001000100011010111110011010000011111101100011110101010101111000
00011011111100000101100111110101100010001010110101111000110000000100101011000110001000000000010000100001000000000001000000000001000110000100000000001000010001101001010000000110001111010110001000100011010111110011010000011111101100011110101010101111000110111111000001011001111101011000100010001101111111001101000001111110110001111010101010111110
11001101111110000010110011111010110001000100011010111100011000000010101101100011000100000000001000010000100000000000000000000000100001000010000000000100001000110100101000000011000111101011000100010001101011111001101000001111110110001111010101010111100011011111100000101100111110101100010001000110101111100110100000111111011000111101010101011111
11000110111111000001011001111101011000100010001101011110001100000001011010110001100010000010000100001000010000000001010000000000010000100001000000000010000100111010000100000001100011110101100010001000110101111100110100000111111011000111101010101011110001101111110000010110011111010110001000100011010111110011010000011110101100011110101010101111
11110011010111100000101100111110101100010001000110101111000110010000101101011000100001000001100010000100001000000000001000000000001000010000100000000001000110001101111010010000110001111010110001000100011011111110011010000011111101100011110101010101111000110111111000001011001111101011000100010001101011111001101000001111110010001111010101010110
11110001101011110000110110011111010110001000100011010111100011000000010000101100010000100000000001000010000100000000000100001000000100001000010000110000100011000110100001000000011000111101011000100010001101001111001101100011111110110001111010101010111100011011111100000101100111110101100010001000110101111100110100000111111011000111101010101011
01111100110111111000001011001111111011000100010001101011110001100000001010010110001100010000000000100001000010000000000010000000000010000100001000000000010001100111011010100000001110011110101100010001000110101111100110100000111111011000111101010101011110001101111110000010110011111010110001000100011010111110011010000011111101100011110101010100
10111100011011111100001101100111110101100010001000110101111000110000100100001011100110000000000000010000100001000000000001000000000001000010000100001000001000110001101101010000000110001111010110001000100011010111110011010000011110101100111110101010101111000110111111000001011001111101011000100010001101011111001101000001111010110001111010101000
01011110001101111110000010110011111010110001100100011010111100011000010010100101100011000100000100001000010000100000000000100000000000100001000010000000000100011000110100101000000011100111101011000100010001101011111001101100001111110110001111010101010111100011011111100000101100111110101100010001000110101111100110100000111111011000111101010100
10101111000110111111000001011001111101011001100010001101011110001100001001000010110001100000000000000100001000010000000000010000000000010000100001000010000010001100111011100100000001100011110101100010001000110101111100110110000111111011000111101010101011110001101111110000010110011111010110001000100011010111100011010000011111101100011110101010
01010111100011010111100001101100111111101100010001000110101111001110000000100101011000110001000000000010000100001000000000001000000000001000010000100000000001000110001101110010000000110001111010110001001100011011111110011011000011111101100111110101010101111000110111111000001011001111101011000100010001101011111001101000001111110110001111010100
10101011111001101111110000010110011111010110001000100011010111100011000000010000101100011000100000110001000010000100000100000100000000000100001000010000000000100001001110101001000000011000111101011000100010001101011111001101000001111010110011111010101010111100011011111100000101100111111101100010001000110101111000110100000111101011000111101001
01010101111100110111111000001011001111101011000100010001101011110001100000001010010110001100010000000100100001000010000000000010000000000010000100001000000000010001100011010010100000001100011110101100010001000110101111100110100000111111011001111101010101011110001101111110000010110011111010110001000100011010111110011010000011111101100011110101
10101010111100011011111100000101100111110101100010001000110101111000110000100101001011000100001000000000010000100001000000000001001000000001000010000100000000001000110001101001010000000110001111010110001000100011010111110011010000011111101100011110101010101111000110111111000001011001111101011000100010001101011111001101000001111110110001111001
01010101011110001101111110000010110011111010110001000100011010111100011000000010100101110011000100000000001000010000100000000000100000000000100001000010000000000100011000110101101000000011000111101011000100010001101111111001101100001111010110001111010101010111100011011111100000101100111110101100010001000110101111100110100000111111011000111101
10101010101111000110111111000001011001111101011000100010001101111110001100000001011110110001000010000000000100001000010000000000010000000000010000100001000000000010001100111011000100000001100011110101100010001000110101111100110100000111101011001111101010101011110001101111110000010110011111010110001000100011010111110011010000011111101100011111
11010101010111100011011111100000101100111110101100010001000110101111100110000000100001011000110001000000000010000100001000000000001000000000001000010000100000100001000110001101000010000000110101111010110001000100011011111110011010000011110101100011110101010101111000110111111000001011001111101011000100010001101011111001101000001111010110001101
11101010101011110001101111110000010110011111010110001000100011010111100011000000010100101100011000100000000001000010000100000000000100000000000100001000010000100000100001001110100101000000011000111101011000100010001101011111001101000001111010110001111010101010111100011011111100000101100111110101100010001000110101111100110100000111111011000110
11110101010101111100110111111000001011001111101011000100010001101011110001100000001010010110001100000000000000100001000010000000000000000000000010000100001000000000010000100011010000100000001100011110101100010001000110111111100110100000111111011001111101010101011110001101111110000010110011111010110001000100011010111110011010000011111101100011
11111010101010111100011011111100000101100111110101100010001000110101111000110000000100001011100110001000000000010000100001000000000001001000000000000010000100000000001000110001101001010000000110001111010110001000100011010111110011010000011111101100011110101010101111000110111111000001011001111101011000100010001101011111001101000001111110110001
00111101010101011111001101111110000010110011111010110001000100011010111100011000000010000101100111000100000000001000110000100000000100000000000000100001000010010000000100011000110100001000000011000111101011010100010001101011111001101000001111110110001111010101010111100011011111100000101100111110101100010001000110101111100110100000111111011000
00011110101010101111000110101111000001011001111101011000100010001101011110001100000001011110111001100010000000000100001000010000000000010010000000010000100001000000000010001100011011010100000001100011110101100010001000110101111100110110000111111011001111101010101011110001101011110000010110011111010110001000100011010111110011010000011111101100
10001111010101010111110011011111100000101100111110101100010001000110101111000110000000100011011001110001000000000010000100001000000001000000000000001000010000100000000001000110001101101010000000110001111010110001000100011010111110011010000011110101100011110101010101111000110111111000001011001111101011000100010001101011111001101000001111110101
11000111101010101011110001101111110000010110011111110110001000100011010111100011000000010101101100011000100001000001000010000100000000000100000000000000001000010000000000100001000110100101000000011000111101011000100010001101011111001101000001111110110001111010101010111100011011111100000101100111110101100010001000110101111100110100000111111011
01100011110101010101111100110111111000001011001111111011000100010001101011110001100000001011010110001100010000000000100001000010000000000000000000000010000100001000000000010001100111010010100000001100011110101100010001000110101111100110100000111111011001111101010101011110001101011110000010110001111010110001000100011010111110011010000011110101
10110001111010101010111100011011111100000101100111110101100010001000110101111000110000000101001011100110001000000000010000100001000000000001000000000000000010000100000000001000110001101000010000000110001111000110101000100011010111110011010000011111101100011110101010101111000110111111000001011001111101011000100010001101011111001101000001111111
11011000111101010101011111001101111110000010110011111010110001000100011010111100011000000010100101100011000100000000001000010000100000000000100000001000100001000010000000000100011000110100101000000011000111101011000100010001101011111001101000001111010110001111010101010111100011011111100000101100011110101100010001000110101111100110100000111111
10101100011110101010101111000110111111000001011001111101011000100010001101011110001100000001010010110011100010000000000100001000010000000000010000000000010000100001000000000010001100011010010100000001100011110101100010001000110101111100110100000111111011000111101010101011110001101111110000010110011111010110001000100011010111110011010000011110
11110110001111010101010111110011011111100000101100111111101100010001000110101111000110000000101101011000100001000000000010000100001000000000001000000000001000010000100000000001000110001101000010000000110001110010110001000100011010111110011010000111111101100111110101010101111000110111111000001011001111101011000100010001101011111001101000001100
11111011000111101010101011110001101011110000010110011111010110001000100011010111100011000010010100101100010000100000000001000010000100001000000100000000000100001100010000000000100011000110110000000000011000111101011000100010001101011111001101000001111010110011111010101010111100011011111100000101100111110101100010001000110101111100110100000110
11111101100011110101010101111000110111111000001011001111101011000100010001101011110001100000001000010110001100010000000000100001000010000000000000000000000010000100001000010000010000100011010110100000001100011110101100010001000110101111100110110000111111011000111101010101011110001101111110000010110011111010110001000100011010111110011010000001
01111110110001111010101010111100011010111100000101100111111101100010001000110101111000110010000101001011000110001000000000010000100001000000000001000000000001000010000100000000001000110001101111010000000110001111010110001000100011010111110011010000011111101100111110101010101111000110111111000001011001111101011000100010001101011111001101000000
00111101011000111101010101011111001101111110000010110011111010110001000100011010111100011000000010101101100011000000000000001000010000000000010100100000000000100001000010000000000100011000110100101000000011010111101011000100010001101111111001101000001111110110011111010101010111100011011111100000101100111110101100010001000110101111100110100001
00011111101100011110101010101111000110111111000001011001111101011000100010001101011110001101000001010010110001100010000000000100001000010000000010010000000000010000100001000000000010001100011010010100100001100011110101100010001000110101111101110100000111101011000111101010101011110001101111110000010110011111010110001000100011010111110011010000
00001111110110001111010101010111100011010111110001101100111110101100010001000110101111000110000000101011011000100001000000000010000110001000000000001000000000000000010000100000000001000110001101001010000000110001111000110001000100011011111110011011000011110101100011110101010101111100110101111000001011001111101011000100010001101011110001101001
00000111111011000111101010101011111001101111110000010110011111010110001000100011010111100011000010010100101100011000100000000001000010000100000000000000000000000100001000010000000000100011001110100001001000011000111101011000100010001101111111011101000001111110110001111010101010111100011011111100000101100111110101100010001000110101111100110100
10000011111101100011110101010101111000110111111100001011101111101011000100010001101001110001100000001000010110001000000000000000100011000010000000000010000000000010000100001000010000010001110011010110000000001100011110101101010001000110101111100110000000111111011000011101010101011110001101111110000010110011111010110001000100011010111110011011
01000001111110110001111010101010111100011011111100000101100111110101100010001000110101111001110000000101101011000110001000000000010000100001000000000001000000000000000010000100001000001000010001101001010000100110001111010110001000101011010111110011010000011111101100011110101010101111000110111111000001011001111101011000100010001101011111001101
10100000111111011000111101010101011110001101111110000010110011111010110001000100011010111100011000000010100101110011000100000000001000010000100000000000100000000000100001000010000000000100011000110111101000000011000111101011000100010001101011111001101000001111010110001111010101010111100010010111100000101100111110101100010001000110101111100111
11010000011111101100011110101010101111100110111111000011011001111101011000100010001101001110001100000001000110110001100010000000000100001000010000000000000000000000010000100001000000000010001100011010010100100001100011110101100010001000110101111100110110000111101011000111101010101011110001101111110000010110011111010110001000100011010111110000
01101000001111110110001111010101010111110011011111100001101100111110101100010001000110101111000110000000101001011000100001000000000010000100001000000000001000000000001000010000100000000001000110001101000010000000110001111010110001000100011010111110011010000011111101100111110101010101111000110111111000001011001111101011000100010001101011111000
00110100000111101011000111101010101011111001101111110000010110011111010110001000100011010111100011000000010101101100111000100000000001000010000100000000100100000000000100001000010000000000100011001110100101001000011000111101011000100010001101011111101101000001111010110001111010101010111100011011111100000101100111110101100010001000110101111100
00011010000011111101100011110101010101111000110101111000001011001111111011000100010001101011110101100000001011010111001100010000100000100001000010000000000010000000000000000100001000000000000000100011011010100000001100011110101100010001000110111111100110100000111101011101111101010101011110001101011110000010110011111010110001000100011010111110
10001101000001111110110001111010101010111100011011111100000101100111110101100010001000110101111000110000000101011011000110001000000000010001100001000000000001000000000001000010000100000000001000110001101001010010000110001111010110001000100011010111110011010000011110101100011110101010101111000110111111000001011001111101011000100010001101011111
11100110100000111111011000111101010101011110001101011110000010110011111010110001000100011010111100011000000010101101100011000100000000001000010000100000000100100000010000000001000010000000000000001000110100001000000011000111101011000100010001101011111001101000001111010110011111010101010111100011011111100000101100111110101100010001000110101111
11110011010000011111101100011110101010101111000110111111000001011001111101011000100010001101011110001100000001011110110001100010000010000100001000010000000000010000000000010000100001000010000010000110011010100100000001100011110101100010001000110101111100110100000111111011001111101010101011110001101111110000010110011111010110001000100011010110
11111001101000001111110110001111010101010111100011011111100000101100111110101100010001000110101111000110000000101001011000100001000000000010000100001000110000001001000000001000010000100000000001000110001101000010000000110001111010110001000100011010111110011010000011111101100011110101010101111000110111111000001011001111101011000100010001101001
01111100110100000111111011000111101010101011111001101111110000010110011111010110001000100011010111100011000000010100101100011000100000000001000010000100000000000100000000000100001000010000000000100001000110100101000000011001111101011000100010001101111111011101100001111110110011111010101010111100011010111100000101100111110101100010001000110100
10111110011010000011111101100011110101010101111000110111111000001011001111101011000100010001101011110001100000001000010110001100010000000000100001000010000000000000000000000010000100001000000000010001110111010010100000001100011110101100010001000110101111100110100000111111011000111101010101011110001101111110000010110011111010110001000100011011
01011111001101000001111110110001111010101010111100011010111100000101110111111101100010001000110101111000110000000101001011000110001000000010010000100001000000001001000000000000000010000100000000001000110001101101010000000110001111010110001000100011011111111011010000011111101100011110101010101111000110111111000001011000111101011000100010001101
10101111100110100000111111011000111101010101011111001101111110000010110011111110110001000100011010111100011000000010000101100011000100000000001000010000100000000000000000000000100001000010000000000100011000110110101000000011000111101011000100010001101111111001101000001111110110001111010101010111100011011111100000101100111110101100010001000111
11010111110011010000011111101100011110101010101111100110111111000001011001111101011000100010001101011110001100000001000010110001100010000000000100001000000000000000000010000000010000100001000000000010000100011011010100000001100011110101100010001000110111111100110100000111111011000111101010101011110001101111110000010110011111010110001000100001
01101011111001101000001111110110001111010101010111100011011111100001101100111110101100010001000110101111001110000000101011011000110001000000000010000100001000000000001000000000001000010000100000000001000110001101110010000000111001111010110001000100011010111110011011000011111101100011110101010101111000110111111000001011001111101011000100010000
00110101111100110100000111111011000111101010101011111001101111110000010110011111010110001000100011010111100011000010010000101100011000100000000001000010000100000000000000000000000000001000010000100000100001000110110101001010011000111101011000100010001101011111001101000001111110110001111010101010111100011011111100000101100111110101100010001000
00011010111100011010000011111101100011110101010101111000110101111000001011101111101011000100010001101011110001100000001010010110001100010000000000100001000010000000000000000000000010000100001000000000010001100011010010100100001100011110101100010001000110101111100110100100111111011001111101010101011110001101111110000010110011111010110001000100
10001101011111001101000001111110110001111010101010111100011011111100000101100111110101100010001000110111111000110000000101001011000110001000000000010000100001000100001001000000010000000010000100100000001000010001101000010000000110001111010110001000100011010111110011010000011111101100011110101010101111000110101111000001011001111101011000100010
01000110101111100110100000111111011000111101010101011110001101111110000110110011111010110001000100011010111100011000000010100101100011000100000100001000010000100000000000100000010000100001000010000000000100011001110110001000000011000111101011000100010001101011111001101000001111110110001111010101010111100011011111100000101100111110101100010001
00100011010111110011010000011011101100111100101010101110100110111111000001011011111101011000100010001101111111011101000001011010110001100010000100001101001000000000000000110010000100010000001001001000000000001100011001110100000001110101110111111110100101111101111110110100000110111011101111100010000010110000101110100000010100011110010100001001
10100011111110110001100011011010101011001000000010001101110110010100000001001001010100100000000000100001011000100001000010001110000100110000110100101001000011000111111011000100010001101101110001101100001111110110001111010101010111100011011111100000101100111110101100010001000110101111100110100000111111011001111100010101011100001101011110000110
